gh7,impact,pred_full
tdr0zv7,76.21995630007284,81.80436283695181
tdr0zve,75.49162418062637,76.95117865744838
tdr0zvf,68.24471959213402,77.71487828542065
tdr17n7,44.19155134741442,43.833768383578175
tdr17nu,55.18936635105608,52.9188220838718
tdr17x3,21.321922796795338,28.12044582425229
tdr1e7h,16.806263656227237,21.56033733659097
tdr1e7s,11.216314639475602,11.263179948793965
tdr1efj,51.747997086671525,55.30991135286196
tdr1efm,78.47778587035688,80.94261531396505
tdr1efy,65.60451565914057,63.039280180903816
tdr1efz,66.04151493080846,64.43814787000389
tdr1egn,58.120903131828115,57.29629486469796
tdr1eyx,84.10415149308085,85.03466560042114
tdr1eyz,95.97596504005827,95.79534166295205
tdr1ez6,58.958485069191546,60.695110397215196
tdr1ez9,70.46613255644574,70.65750473977873
tdr1ezd,58.867443554260745,59.832614695285855
tdr1ezp,92.88055353241079,91.74290132294553
tdr1g5g,35.87035688273853,27.265832653590017
tdr1g9r,64.79424617625638,63.977204333469274
tdr1gcb,53.00436999271668,45.18647047428374
tdr1gq3,7.119446467589221,13.865247240646324
tdr1gsd,54.71595047341587,53.593868180014994
tdr1gse,63.74726875455208,69.6937983479157
tdr1gsu,70.40240349599416,72.12377523877625
tdr1gsv,51.456664238892934,51.92808045656571
tdr1gsx,50.78295702840495,51.518058924598876
tdr1gup,39.73051711580481,35.715478158325155
tdr1gur,53.05899490167516,54.694992334396964
tdr1hjr,32.19227967953387,35.763336356421085
tdr1hjx,25.491624180626367,18.53360476333163
tdr1hrn,30.18936635105608,31.178433831925236
tdr1hrx,47.013838310269485,49.38681059490953
tdr1hxc,54.46103423160962,52.62644263581748
tdr1jsd,25.036416605972324,22.98379608399916
tdr1jxq,49.63583394027676,46.52905987074558
tdr1jxz,61.54406409322652,60.259632998452545
tdr1k84,34.10415149308085,37.302714249693324
tdr1k8d,23.652585579024034,20.22972655754962
tdr1k9m,23.488710852148582,17.606798213015505
tdr1kfn,46.74071376547706,47.657482752981
tdr1kfp,49.32629278951202,50.43098182502264
tdr1kfq,51.711580480699205,52.78896418517265
tdr1kfr,52.84049526584123,52.23482765994895
tdr1kfx,53.44136926438456,57.253185122007494
tdr1kmc,60.9340859431901,63.961229636506395
tdr1kt2,61.14348142753096,54.76518679896511
tdr1kte,71.06700655498908,70.17615784651403
tdr1kwn,89.89439184268026,75.48924668236235
tdr1kwr,90.38601602330662,88.93809745732344
tdr1kxb,43.13546977421704,52.027459462907736
tdr1m55,21.04879825200291,23.47830539473971
tdr1m57,32.95702840495266,31.52457425060455
tdr1m8p,53.27749453750911,49.089820697158366
tdr1m9p,23.142753095411507,24.740399396679628
tdr1mb0,50.68281136198106,53.18243588221487
tdr1mc3,3.5142024763292063,9.415646801765652
tdr1mg1,36.01602330662782,42.337588160603
tdr1mg3,34.796067006554985,38.63812843984654
tdr1mg6,36.10706482155863,37.70261694838099
tdr1mjx,34.304442825928625,33.05265346596354
tdr1mnq,59.48652585579024,57.863822688853894
tdr1mnr,50.34595775673707,50.10170477003152
tdr1mny,47.57829570284049,44.96043035401374
tdr1mpp,67.45265841223598,64.1457752326703
tdr1mpr,78.04078659868901,71.87677493748753
tdr1mpx,78.71449380917699,71.67853243962298
tdr1mq6,15.112891478514204,15.830386273257687
tdr1mqr,48.59796067006555,44.037486628819224
tdr1mr6,46.30371449380918,49.815684256004765
tdr1mr7,45.59359067734887,49.32296889503349
tdr1mrd,65.91405680990532,65.11558953080933
tdr1mry,17.680262199563003,24.26342060385268
tdr1ms2,52.38528769118717,51.615015746020575
tdr1mst,26.474872541879098,26.441400120846048
tdr1msw,13.7836853605244,20.948264976242328
tdr1mt0,42.22505462490896,37.92718107649562
tdr1mt2,34.37727603787327,31.097805031860993
tdr1mte,34.2680262199563,27.8588038468864
tdr1mts,42.86234522942462,38.084373628081856
tdr1mvd,72.12308812818645,72.06418138395507
tdr1mve,72.63292061179898,70.99870737857917
tdr1mvf,69.90167516387473,70.48350641534148
tdr1mvg,65.69555717407137,69.38943610201413
tdr1mvu,62.4544792425346,63.414404622946265
tdr1mw3,58.621631463947566,54.99242353694849
tdr1mw8,67.9169701383831,68.07190564198375
tdr1mwb,67.17042971595048,61.378546461144204
tdr1mx0,65.18572469045884,59.31455332874111
tdr1mx2,50.68281136198106,48.86437122510797
tdr1mxq,84.95994173343044,88.79617108455092
tdr1mxr,87.14493809176986,88.27173109296675
tdr1myv,59.013109978150034,62.18190390689877
tdr1myy,56.418426802621994,61.9650187626735
tdr1myz,61.234522942461766,65.42750176467005
tdr1mz2,80.51711580480699,85.3329987905913
tdr1mz8,89.18426802621995,92.65540650736257
tdr1ncd,88.82010196649672,91.21005656641482
tdr1nce,86.47123088128187,89.93577025184416
tdr1ncf,87.23597960670065,87.36483748543495
tdr1ncg,77.20320466132556,78.31325854453178
tdr1ncs,79.78878368536051,81.16125125534676
tdr1nct,76.34741442097597,75.65733765634985
tdr1ncu,79.87982520029134,81.03230739350549
tdr1ncv,78.5142024763292,81.12994409929583
tdr1ncw,70.08375819373634,70.62610147778894
tdr1ncx,65.40422432629279,66.6581788794546
tdr1nf4,97.23233794610341,95.32899113252232
tdr1npy,4.879825200291333,5.545437444276729
tdr1nzv,59.14056809905317,59.504314212961695
tdr1nzy,60.84304442825928,58.79831562028981
tdr1p5k,58.30298616168973,48.60518017835541
tdr1p8s,77.36707938820102,75.76759288834623
tdr1p96,84.34085943190095,80.76892633652326
tdr1p97,75.69191551347414,70.47517640367114
tdr1p9d,85.16023306627822,78.63200782141546
tdr1php,59.10415149308085,49.12188162777874
tdr1pk1,69.31900946831755,70.33085998030306
tdr1pk3,78.44136926438456,75.73662193429473
tdr1pnc,50.43699927166788,47.766887164113236
tdr1pnu,70.53896576839038,66.81845405113313
tdr1pp1,64.85797523670794,62.76868282221024
tdr1pp4,68.00801165331391,68.89035008665034
tdr1pp5,61.99927166788055,59.719271435618396
tdr1pry,42.680262199563,47.60635966064459
tdr1q0n,1.1471230881281864,4.4955887517042825
tdr1qbe,42.37072104879825,38.68832651153121
tdr1qbg,38.47414420975965,36.699314974451774
tdr1qbh,57.75673707210488,51.70593417869252
tdr1qbj,61.58048069919884,56.17582929144382
tdr1qc2,70.97596504005827,66.93589255668917
tdr1qc3,57.356154406409324,51.051570545275766
tdr1qc8,70.81209031318281,66.2711661185854
tdr1qc9,68.55426074289876,65.69983801596977
tdr1qcb,73.72541879096867,73.86040464082079
tdr1qdr,62.682083029861616,63.034641272005906
tdr1qdv,83.3211944646759,82.54271883593147
tdr1qdw,76.96649672250547,76.2389327186046
tdr1qdx,85.56081573197378,85.39847478726426
tdr1qdy,94.11871813546978,93.55066917972476
tdr1qeg,35.77931536780772,38.92618300545132
tdr1qej,78.38674435542607,72.10337674872427
tdr1qeq,62.49089584850692,63.518069040908244
tdr1qes,69.08230152949744,70.65782577384553
tdr1qeu,34.705025491624184,34.41237584676248
tdr1qf0,61.03423160961399,61.91577404956273
tdr1qmx,95.0109249817917,94.90266605813616
tdr1qmz,84.19519300801164,79.04428472828408
tdr1qnb,58.39402767662054,58.94928584777657
tdr1qnc,48.925710123816465,50.416852026453256
tdr1qpn,4.497450837581937,9.496008942204472
tdr1qqm,68.68171886380189,67.22763016853757
tdr1qqq,76.78441369264385,78.77852654411518
tdr1qqt,64.49380917698471,64.1647989060721
tdr1qqv,55.08011653313911,54.308700799764495
tdr1qrf,68.7727603787327,67.09978223708772
tdr1qs5,36.43481427530954,39.18912881511482
tdr1qsc,34.013109978150034,34.10486233197551
tdr1qt2,80.44428259286235,76.63805603045637
tdr1qt8,85.41514930808448,83.23831234687
tdr1qt9,83.44865258557903,80.5954279972345
tdr1qtd,65.36780772032047,68.39356830578079
tdr1qtq,9.304442825928623,10.576469199123956
tdr1qv1,21.613255644573925,22.041392996358592
tdr1qwd,70.5753823743627,73.09212286413454
tdr1qwe,67.95338674435543,69.41604722313188
tdr1qwq,77.87691187181355,76.13102820432279
tdr1qws,76.3292061179898,74.65730039697631
tdr1qwt,78.8055353241078,79.73330293967066
tdr1qww,77.03932993445011,78.66111462300047
tdr1qwy,74.83612527312454,76.69270504977345
tdr1qx4,60.81573197378004,62.92492299444353
tdr1qxq,21.522214129643118,21.62227797564488
tdr1qy5,29.20611798980335,28.261662614339397
tdr1qy7,40.91405680990532,43.40698728513239
tdr1qyd,27.47632920611799,29.91714721797949
tdr1qye,32.15586307356154,32.78710291484428
tdr1qzg,16.332847778587038,17.534491029521117
tdr1r5k,48.57975236707939,55.827992275065135
tdr1re3,63.63801893663511,65.45103462811514
tdr1re9,64.8761835396941,64.58033841524222
tdr1rhw,35.99781500364166,28.804779338980598
tdr1rn8,29.169701383831026,29.404185275504194
tdr1rp2,39.038601602330665,39.528844684413784
tdr1rp8,42.0611798980335,45.979636143353694
tdr1rrr,66.87909686817189,61.96909210721788
tdr1rrv,48.561544064093226,49.48245143051124
tdr1rrw,76.91187181354697,67.66292604442964
tdr1rrx,69.02767662053897,69.95766774640332
tdr1rs1,69.84705025491624,71.88860043386185
tdr1rs3,60.906773488710854,64.75564914379189
tdr1rs9,60.36052439912601,60.89259933763758
tdr1rwg,54.09686817188638,58.49502551929234
tdr1rwt,53.80553532410779,56.284451190090124
tdr1rww,45.010924981791696,45.39207236791896
tdr1rx2,67.47997086671522,63.69568432764652
tdr1ry1,35.815731973780046,29.80368752591807
tdr1ry2,29.44282592862345,31.489197952264323
tdr1s5e,67.00655498907501,67.75564189435467
tdr1s5g,57.92061179898034,57.929246432706464
tdr1s6s,47.47815003641661,47.06938114255381
tdr1s6u,46.94100509832484,50.87339183178847
tdr1s76,22.17771303714494,27.68664535502556
tdr1s9n,65.6318281136198,67.84347350142971
tdr1s9q,57.738528769118716,52.525222765033355
tdr1sg7,25.655498907501823,30.90843004670348
tdr1shh,69.37363437727603,67.62213139812539
tdr1shm,60.52439912600146,52.638609002728266
tdr1shw,72.28696285506192,64.9004722094846
tdr1sj6,89.25710123816461,80.10656503019405
tdr1sj9,92.11580480699199,83.93288518568758
tdr1sm4,88.25564457392571,82.28641820411333
tdr1sm5,88.72906045156591,76.30166119064619
tdr1smw,95.35688273852877,96.10582753862494
tdr1smz,98.61616897305171,99.97263797118163
tdr1spm,74.34450109249818,75.03918830145007
tdr1spq,71.17625637290604,72.35836458725838
tdr1spr,71.2490895848507,75.96262821774474
tdr1srd,15.222141296431172,14.702973822868394
tdr1sw0,95.66642388929351,95.09479134516953
tdr1sw1,91.13255644573925,88.01880841210884
tdr1swe,94.50109249817918,93.29784080493023
tdr1syc,77.6584122359796,74.0763557976183
tdr1sz4,76.17443554260743,74.58931261700106
tdr1szm,55.11653313911143,49.07029880251074
tdr1szr,73.52512745812089,74.21936901158678
tdr1szv,58.70356882738529,57.8777851810165
tdr1t2b,13.601602330662782,7.726327814888223
tdr1t2h,29.187909686817186,36.8361693137722
tdr1t2k,27.658412235979608,29.608420312215063
tdr1t2w,47.94246176256373,45.364084329091945
tdr1t3k,77.00291332847779,76.16573112141646
tdr1t3n,67.2068463219228,64.30343025083596
tdr1t3p,78.62345229424618,80.66553685070025
tdr1t3s,77.34887108521485,78.53969543680806
tdr1t3t,80.42607428987618,80.55678413587536
tdr1t3u,78.91478514202477,81.21186586820178
tdr1t3w,66.13255644573925,64.32720850365335
tdr1t3x,65.2585579024035,67.01956733333692
tdr1t3y,66.0233066278223,68.80827555712759
tdr1t5d,61.05243991260014,62.3249763200537
tdr1t5f,60.70648215586307,61.15419369153034
tdr1t5v,78.56882738528769,77.16908230397691
tdr1t5w,44.683175528040785,46.75402069089737
tdr1t5x,47.68754552075746,48.66263987004308
tdr1t6n,56.80080116533139,54.01466523118529
tdr1t6q,53.29570284049526,56.25225429572422
tdr1t71,41.78805535324108,42.331076621690016
tdr1t73,40.78659868900218,41.13930210394601
tdr1t76,43.40859431900947,44.95004944662363
tdr1t77,18.754552075746542,18.9504976676294
tdr1t79,44.88346686088857,46.881275064049866
tdr1t7k,19.009468317552805,19.17565172675479
tdr1t7p,72.76037873270211,72.90631163295176
tdr1t7q,76.8572469045885,75.86527080013994
tdr1t7r,73.81646030589948,75.4939863842427
tdr1t7w,72.25054624908958,72.26584254100045
tdr1t7x,74.12600145666424,75.33006713470297
tdr1t7z,62.3088128186453,64.11685208191221
tdr1t82,59.15877640203932,61.45913590337586
tdr1t8b,84.26802621995631,82.48200291840456
tdr1t90,95.2476329206118,93.50024304459112
tdr1t92,85.81573197378005,86.04991217354558
tdr1t98,74.89075018208304,76.77464288755448
tdr1tb5,22.669337217771304,19.945958577277025
tdr1tc2,73.08812818645303,72.94160288968152
tdr1tcy,61.70793882010197,64.07431116491294
tdr1tcz,58.903860160233066,63.134119214451715
tdr1td0,60.61544064093226,58.711297974787435
tdr1tdj,29.552075746540424,30.11781466151207
tdr1tem,21.44938091769847,23.155935962703225
tdr1tfg,80.68099053168245,75.04376499069244
tdr1tfp,58.466860888565186,63.94203322676247
tdr1tfz,90.76839038601602,89.45812314651835
tdr1tg5,80.17115804806993,67.68498257372883
tdr1tgn,90.07647487254188,82.74860249503011
tdr1tgp,86.19810633648945,87.1179193852813
tdr1th4,60.96139839766934,63.87738388744773
tdr1th5,62.18135469774217,65.5184627848113
tdr1thj,81.84632192279679,82.47673846447512
tdr1thm,87.60014566642388,88.97909096138983
tdr1thn,85.92498179169702,85.77753910572633
tdr1thq,80.37144938091771,81.17080756691796
tdr1thr,74.41733430444283,77.4337554360105
tdr1tht,84.04952658412236,84.5026053149211
tdr1thu,77.45812090313183,76.03893321813601
tdr1thw,95.72104879825201,94.38790682025696
tdr1tjn,14.038601602330663,12.363271811793863
tdr1tm3,19.41005098324836,20.652501933215877
tdr1tm5,40.386016023306624,40.63088805807124
tdr1tmc,36.4530225782957,34.99342434382901
tdr1tmh,38.45593590677348,44.45349451857154
tdr1tnf,63.82010196649672,63.734890210399094
tdr1tng,68.82738528769119,62.72406313727799
tdr1tnn,16.715222141296433,16.556306734857625
tdr1tnr,48.634377276037874,47.436038662427386
tdr1tnu,54.29715950473416,54.06452838362316
tdr1tny,54.22432629278951,48.36900537641489
tdr1tpm,42.753095411507644,35.44604668334719
tdr1tpq,51.78441369264385,44.690189228153216
tdr1tpr,97.42352512745812,93.46672166010403
tdr1tq7,52.931536780772035,54.782933680123826
tdr1tq8,39.60305899490167,37.85873200874549
tdr1tq9,87.18135469774218,87.33830738523064
tdr1tqd,63.18281136198106,63.544231790112285
tdr1tqf,89.14785142024763,85.78150119415656
tdr1tqk,59.55935906773489,48.9460804811817
tdr1tqm,55.73561544064093,60.337769221772184
tdr1tqn,65.24034959941733,65.01826919987428
tdr1tqp,75.43699927166789,77.40195316514243
tdr1tqq,49.05316824471959,52.22361466879616
tdr1tqr,67.69847050254916,68.914867376893
tdr1tqs,69.99271667880554,72.43368530783091
tdr1tqu,55.86307356154406,53.998705115499405
tdr1tqv,71.83175528040786,68.70274594909237
tdr1tr0,95.22942461762564,92.68901471053934
tdr1tr1,93.88201019664967,91.3536632808109
tdr1tr3,96.44938091769846,95.74249452360893
tdr1tr4,95.99417334304444,95.28649872599233
tdr1tr5,77.69482884195193,76.20556666927625
tdr1tr6,95.73925710123817,95.14267684130314
tdr1tr7,90.67734887108521,91.35717872786955
tdr1tr9,97.59650400582666,97.32343821605654
tdr1trc,94.28259286234523,93.39072624501456
tdr1trd,90.00364166059724,88.89199852164462
tdr1trf,99.10779315367807,97.83005355075365
tdr1trg,89.98543335761107,90.2597299182957
tdr1trq,61.92643845593591,64.95743349054993
tdr1tru,92.5892206846322,92.79185173816248
tdr1trv,93.51784413692644,93.51462676301772
tdr1trw,76.69337217771303,78.59197306764811
tdr1trx,84.01310997815004,85.39513718775343
tdr1try,93.84559359067734,92.67021972366047
tdr1trz,92.93517844136926,90.5839359837222
tdr1ts9,55.64457392571013,52.194623034285286
tdr1tsc,52.31245447924253,50.79148484581235
tdr1tsg,30.26219956300073,34.21604648118321
tdr1tsq,55.97232337946103,56.57044272643985
tdr1tsw,53.241077931536786,53.52832407367651
tdr1tsx,53.31391114348143,53.365272250902414
tdr1tsy,55.82665695557174,58.65083572955394
tdr1tte,46.68608885651857,40.85394162926514
tdr1ttg,46.84996358339403,40.657578194280596
tdr1tu2,48.74362709395484,50.492811105278
tdr1tu8,49.36270939548434,49.62691422395357
tdr1tv2,42.07938820101966,43.45492068252587
tdr1tv3,31.48215586307356,30.77671137371128
tdr1tvq,22.141296431172613,23.45822112097407
tdr1tvx,31.02694828841952,33.87856332863828
tdr1tvz,33.84923525127458,34.59805337467182
tdr1tw2,64.79424617625638,62.56840141748964
tdr1tw5,45.13838310269483,41.06016109026065
tdr1tw7,41.22359796067007,38.94640519652327
tdr1tw8,84.17698470502549,83.96300025132098
tdr1twb,72.70575382374362,73.58899938163593
tdr1twh,50.07283321194465,53.89938841787156
tdr1twk,48.50691915513474,47.12314710368641
tdr1twm,41.096139839766934,45.94363631257664
tdr1twv,29.788783685360524,29.736885033300723
tdr1tx0,72.06846321922797,73.73316168471405
tdr1tx3,65.56809905316825,63.03934825898845
tdr1tx8,61.289147851420246,63.86596281751187
tdr1tx9,62.472687545520756,61.28527474923867
tdr1txd,61.78077203204661,61.53955548851985
tdr1txg,43.62709395484341,41.51071431649865
tdr1txx,74.03495994173343,73.02664866802814
tdr1tz7,74.07137654770575,72.18271449867024
tdr1tz8,73.94391842680263,74.81053776156502
tdr1tz9,73.34304442825929,72.6629874572993
tdr1tzc,73.9985433357611,75.12543137906991
tdr1tzd,74.7632920611799,74.44662802501531
tdr1tzg,77.94974508375819,79.80157398222194
tdr1u27,74.45375091041515,73.60696416176832
tdr1u2e,82.22869628550619,83.20633478802762
tdr1u2j,82.46540422432629,82.86289142416312
tdr1u2k,93.11726147123089,93.69467645779105
tdr1u2m,93.04442825928624,92.0655085747789
tdr1u2n,82.72032046613256,82.26663400444045
tdr1u2p,81.42753095411508,83.20541717587919
tdr1u2s,81.57319737800437,84.83375622185042
tdr1u2u,79.07865986890022,80.88009756254309
tdr1u2v,92.22505462490895,92.90902052880699
tdr1u3h,84.5047341587764,88.4692445979705
tdr1u3k,79.20611798980335,80.7950418336877
tdr1u3m,69.10961398397669,68.65548687353642
tdr1u3t,70.44792425345958,70.91240763575689
tdr1u3w,80.31682447195921,82.0797165013822
tdr1u3z,73.17916970138383,75.12844238533589
tdr1u5w,18.809176984705026,18.51094458297508
tdr1u60,23.47050254916242,27.147646829316255
tdr1u61,28.696285506190822,27.696921068542345
tdr1u80,59.796067006554985,61.407557393410364
tdr1u81,56.245447924253455,54.325203545701626
tdr1u88,47.050254916241805,47.080253706196316
tdr1u89,37.39985433357611,32.243021917122064
tdr1u8d,38.51056081573198,37.336757437121385
tdr1u8f,46.194464675892206,47.082549655086275
tdr1u8j,66.46030589949017,64.27232624322986
tdr1u8m,42.2068463219228,37.03367244615004
tdr1u8n,66.09613983976693,65.727178575477
tdr1u8p,95.26584122359796,90.21894490983567
tdr1u8s,31.336489439184266,32.306566905083535
tdr1u95,56.51857246904588,57.05810483053577
tdr1u97,57.53823743627095,59.425171033036804
tdr1u9f,86.65331391114348,85.5267035159932
tdr1u9g,86.38018936635106,86.1953961802368
tdr1u9s,96.41296431172614,93.19947519480051
tdr1u9u,83.94027676620539,85.31569478683919
tdr1u9v,88.98397669337218,89.17537205221255
tdr1u9w,84.122359796067,85.46261099533484
tdr1u9x,81.51857246904588,82.69789979362203
tdr1u9y,84.92352512745812,85.98703793467257
tdr1u9z,83.26656955571741,85.2194224772041
tdr1ub0,81.59140568099053,76.17291827806689
tdr1ub1,92.86234522942462,89.38454818150451
tdr1ub4,94.79242534595775,91.89565487426772
tdr1ud4,89.51201747997086,89.12528708702244
tdr1ud6,85.50619082301529,86.25154236166897
tdr1ud7,65.79570284049527,66.53610146639795
tdr1ud8,66.49672250546249,70.89362332554599
tdr1ud9,72.68754552075747,71.88998246659158
tdr1udd,80.7538237436271,81.006370794473
tdr1udh,85.88856518572469,87.47724351790397
tdr1udm,47.32337946103423,46.99766416780102
tdr1udp,93.57246904588492,94.44000856643734
tdr1udt,39.29351784413693,35.35608611814862
tdr1udv,73.23379461034231,72.18257468000807
tdr1uej,78.64166059723235,80.88203413181297
tdr1uem,79.15149308084487,77.34578012434558
tdr1uet,75.56445739257101,78.52484054216981
tdr1ueu,70.70284049526585,67.24319702231635
tdr1uev,84.75965040058267,81.1470003627608
tdr1uf1,33.63073561544064,34.41232530463158
tdr1uf4,73.83466860888565,76.2509017412658
tdr1uf5,83.53969410050983,83.8467693764021
tdr1uf8,55.025491624180624,56.32809757160615
tdr1ufb,69.22796795338675,64.24989450286334
tdr1ufc,71.15804806991989,67.55255308269436
tdr1uff,93.918426802622,96.12364361217071
tdr1ufh,82.04661325564457,82.73529409355945
tdr1ufj,80.06190823015295,83.0240748915458
tdr1ufn,81.93736343772761,83.38464740607915
tdr1ufp,78.02257829570284,75.70446034447039
tdr1ug5,70.83029861616897,66.60899508261971
tdr1ug9,81.70975965040058,81.27425025704544
tdr1ugb,69.61034231609614,67.59682063812234
tdr1ugc,81.24544792425345,81.68770200962082
tdr1ugf,68.17188638018936,69.78443179999739
tdr1ugh,66.27822286962855,73.23046706484214
tdr1ugm,71.8681718863802,70.39625643338665
tdr1ugr,53.86016023306628,48.29066682574918
tdr1ugt,50.491624180626374,49.01072682421798
tdr1ugv,40.84122359796067,42.51704360027928
tdr1uh0,45.21121631463947,46.16697086206837
tdr1ukh,83.87654770575382,82.76130512066764
tdr1ukk,88.09176984705024,86.50561853237625
tdr1ukm,85.30589949016752,82.68006012968699
tdr1ukt,78.60524399126001,77.11961096912009
tdr1ukv,77.14857975236707,72.9766712587083
tdr1umj,76.03787327021122,76.63452296294761
tdr1umq,40.7319737800437,37.470413411945806
tdr1un7,76.82083029861617,71.33944644906133
tdr1uns,78.25928623452295,75.52844345972561
tdr1unu,89.85797523670794,87.59614492089317
tdr1uph,86.78077203204661,89.67469172367619
tdr1upt,97.85142024763293,94.12665567075153
tdr1upv,99.16241806263656,98.8572988446477
tdr1uqp,65.76839038601602,64.89981803918104
tdr1uqr,69.17334304442826,70.78669962278103
tdr1uqx,79.33357611070649,80.75089018302802
tdr1usj,66.05972323379461,61.564846177428194
tdr1usm,91.3510560815732,85.24559305895744
tdr1usn,75.83758193736344,74.08223138391025
tdr1usp,72.35979606700656,73.1646704735928
tdr1usq,98.30662782228697,97.16893594354404
tdr1usr,61.90823015294975,60.23454402023262
tdr1usw,98.01529497450836,96.37060223993161
tdr1usx,81.15440640932266,80.057052018277
tdr1usy,98.65258557902403,96.13621078584983
tdr1utx,76.89366351056081,77.4315934526448
tdr1uty,91.58776402039331,89.28770145551388
tdr1uu1,79.1332847778587,80.53639203314297
tdr1uu3,68.22651128914785,72.02808496991574
tdr1uu4,69.46467589220686,70.12773630828431
tdr1uu6,67.64384559359068,70.5788758054118
tdr1uu8,70.52075746540423,72.28475758777464
tdr1uu9,70.1019664967225,67.77055537486422
tdr1uub,82.81136198106337,78.92684728544977
tdr1uuc,69.48288419519301,69.96381741233252
tdr1uud,50.8557902403496,49.61062645815612
tdr1uug,58.02986161689731,62.27766885364775
tdr1uuj,43.445010924981794,45.48868823608771
tdr1uum,36.47123088128186,37.526660566139796
tdr1uus,42.00655498907502,47.76376984161354
tdr1uv0,88.18281136198107,85.4630882846808
tdr1uv1,86.3073561544064,82.58308575754012
tdr1uv2,92.27967953386744,88.64751099232689
tdr1uv3,81.33648943918426,82.50763657404534
tdr1uv5,37.25418790968681,36.48135525443885
tdr1uv8,90.91405680990532,90.22935392140333
tdr1uv9,91.07793153678078,92.94693890449707
tdr1uvh,34.340859431900945,31.654926132086633
tdr1uvk,36.744355426074286,36.307677109151264
tdr1uvz,60.979606700655495,42.88992444660524
tdr1uw1,75.0,73.97828656844924
tdr1uw2,71.97742170429716,71.73617721037755
tdr1uw3,73.6707938820102,72.79567868036587
tdr1uw4,79.64311726147123,82.06210499188111
tdr1uw5,95.02913328477786,92.86817398334637
tdr1uwh,88.9293517844137,87.8023086695679
tdr1uwj,91.26001456664238,90.51729005460295
tdr1uwm,89.38455935906774,90.9615769014953
tdr1uwn,97.94246176256372,94.85203873531313
tdr1uwp,89.78514202476329,88.95499508891567
tdr1uwq,89.31172614712308,90.87379363335894
tdr1uwt,86.4530225782957,87.7730737284642
tdr1uww,88.32847778587035,89.47929615217014
tdr1uwy,89.12964311726147,87.26902580838701
tdr1uxj,88.5469774217043,88.09672993391891
tdr1uxm,79.49745083758194,80.7331067494537
tdr1uxn,77.13037144938092,79.78221669297649
tdr1uxq,77.39439184268026,77.70281899165504
tdr1uxt,89.69410050983248,87.775158841438
tdr1uxv,93.62709395484342,95.46430650290111
tdr1uy0,81.20903131828113,82.64021121226884
tdr1uy2,79.60670065549891,75.26451750935638
tdr1uy6,71.95921340131099,72.26249575086317
tdr1uy8,82.52002913328478,82.84382135533325
tdr1uyh,30.335032774945375,32.797298071117396
tdr1uyj,61.689730517115805,63.68544741965237
tdr1uz0,65.29497450837583,69.09781200104295
tdr1uz2,61.50764748725419,57.811116708623466
tdr1uz3,55.20757465404225,59.179356640764844
tdr1uz9,97.76037873270211,96.43353631273258
tdr1uzc,92.4435542607429,90.45682004053958
tdr1v0e,57.95702840495266,57.352824429372454
tdr1v0g,67.0611798980335,67.86708820753252
tdr1v0p,99.5265841223598,99.4452653857396
tdr1v0r,98.36125273124546,97.88891214396325
tdr1v0s,61.63510560815732,58.84070392072206
tdr1v0u,65.54989075018209,63.19609650259769
tdr1v0x,98.0517115804807,96.69426634048853
tdr1v0z,99.41733430444283,98.17734800055132
tdr1v1f,39.56664238892935,39.895569552550526
tdr1v1r,82.84777858703569,85.21552547938347
tdr1v1v,99.27166788055352,98.49733525030953
tdr1v1z,93.09905316824472,91.15970108760835
tdr1v20,89.42097596504006,88.86378906207409
tdr1v21,91.2053896576839,93.58360274890042
tdr1v22,89.23889293517844,89.79458566803741
tdr1v24,91.73343044428259,91.77812669804146
tdr1v25,95.19300801165332,93.40021882698262
tdr1v26,88.49235251274581,88.6600449348404
tdr1v28,96.52221412964312,95.25335601509838
tdr1v2b,97.21412964311726,96.43576496523326
tdr1v2c,89.05680990531683,89.31239902730096
tdr1v2d,78.4231609613984,80.46595850453588
tdr1v2e,79.24253459577567,81.15193529562538
tdr1v2f,75.91041514930808,78.82650798290139
tdr1v2g,75.21849963583394,78.85412560764156
tdr1v2h,83.41223597960669,84.96292096068119
tdr1v2j,93.19009468317553,93.35953453828166
tdr1v2m,87.25418790968682,88.00872749103937
tdr1v2n,86.03423160961398,85.00850039894927
tdr1v2p,86.61689730517116,87.17370531076055
tdr1v2q,89.09322651128915,88.41223173485282
tdr1v2r,89.62126729788784,88.86937193618488
tdr1v2u,60.72469045884924,63.34159460196924
tdr1v2v,41.2053896576839,41.711133187412855
tdr1v2x,75.7647487254188,77.69890982043749
tdr1v30,92.09759650400584,90.45429006600348
tdr1v31,91.24180626365622,89.05573917503148
tdr1v33,88.80189366351055,89.43265124733168
tdr1v39,90.82301529497451,89.87339826023027
tdr1v3b,94.22796795338675,92.42202192445366
tdr1v3c,91.18718135469774,89.68395669238029
tdr1v3d,88.96576839038602,88.21470021810867
tdr1v3e,88.47414420975966,88.77908269144062
tdr1v3f,91.98834668608885,91.49888286950048
tdr1v3g,95.41150764748726,93.15261633436383
tdr1v3k,91.15076474872542,89.42596638594873
tdr1v3p,43.17188638018937,45.57629011084351
tdr1v3s,91.36926438455936,91.97797885453608
tdr1v3t,77.54916241806264,77.7771566408725
tdr1v3u,92.84413692643845,92.4201316585102
tdr1v3v,93.37217771303715,93.30876238632875
tdr1v3y,68.88201019664967,67.98107783285187
tdr1v4b,26.511289147851418,21.12813213432136
tdr1v4j,90.98689002184996,90.12779154868741
tdr1v4m,96.61325564457393,94.8595967929149
tdr1v4r,96.97742170429716,95.20567293810569
tdr1v4t,96.92279679533867,95.8744839885403
tdr1v4v,98.81646030589948,97.81710565107971
tdr1v4w,95.92134013109978,95.06425891716889
tdr1v4x,96.95921340131099,94.98782619900611
tdr1v4y,97.48725418790968,95.63889752840534
tdr1v4z,97.77858703568828,95.78174919596871
tdr1v52,55.498907501820824,55.88297576728108
tdr1v5n,80.18936635105608,75.55898876543644
tdr1v5p,97.15950473415877,96.0883355799595
tdr1v5y,54.898033503277496,54.17746348716754
tdr1v60,97.56008739985434,95.66877401177538
tdr1v61,93.99126001456665,93.07476147428969
tdr1v62,97.17771303714494,94.82681609821344
tdr1v63,92.18863801893663,91.02610897286915
tdr1v64,93.97305171158048,92.95395271158701
tdr1v65,95.50254916241806,92.24596905695296
tdr1v66,94.59213401310997,92.92372266341691
tdr1v67,98.63437727603788,96.08428480657604
tdr1v68,90.71376547705754,90.59966062821675
tdr1v69,93.13546977421704,89.85203772390268
tdr1v6b,93.26292789512017,93.50070734414776
tdr1v6c,93.49963583394027,92.50530583025548
tdr1v6d,92.2068463219228,91.41425685129337
tdr1v6e,90.47705753823743,89.86863789047193
tdr1v6f,90.65914056809905,90.29522796441361
tdr1v6g,87.92789512017481,88.57777962510802
tdr1v6h,97.70575382374362,96.53550345488075
tdr1v6j,96.90458849235252,96.61580348238425
tdr1v6k,98.72541879096867,95.92542610066937
tdr1v6n,86.28914785142024,86.28661775704273
tdr1v6q,75.3823743627094,73.80654306412742
tdr1v6s,96.75892206846322,94.74452147108705
tdr1v6t,85.66096139839767,86.65546908370584
tdr1v6u,90.2585579024035,89.96226396746681
tdr1v6v,96.35833940276765,95.29632819946107
tdr1v70,95.84850691915513,95.4191332545865
tdr1v71,97.8150036416606,97.10196695702335
tdr1v72,93.90021849963584,93.56345735023984
tdr1v73,78.18645302257829,73.4746435025071
tdr1v74,96.30371449380918,95.19082039782386
tdr1v75,96.3401310997815,95.06967851857787
tdr1v79,69.5375091041515,64.85063966864371
tdr1v7b,54.11507647487254,56.14177174644444
tdr1v7d,60.196649672250544,63.53353204383909
tdr1v7e,65.71376547705754,64.0914100246799
tdr1v82,87.70939548434086,87.36480684433545
tdr1v89,69.41005098324837,69.79066807792219
tdr1v8b,55.62636562272396,56.70488146603005
tdr1v8d,65.09468317552805,65.99663312425368
tdr1v8f,62.76402039329935,61.717370602411
tdr1v8t,60.88856518572469,61.25254965291269
tdr1v8w,59.66860888565185,63.5359122022216
tdr1v9h,30.935906773488707,30.676678960920274
tdr1v9m,43.080844865258555,35.64918509488417
tdr1v9q,65.89584850691915,65.65906916231815
tdr1v9r,87.87327021121631,88.86286614522466
tdr1v9w,58.06627822286963,53.21779300227815
tdr1vbd,46.70429715950473,41.542392729411894
tdr1vbg,75.87399854333576,73.98466408953898
tdr1vc2,77.96795338674436,74.81257364161561
tdr1vc3,87.10852148579752,83.06732287610787
tdr1vc4,86.10706482155864,83.48225487590385
tdr1vcd,26.256372906045154,25.704277870852458
tdr1vcp,71.3401310997815,67.75895185952118
tdr1vcq,86.9810633648944,89.53480258793473
tdr1vcr,87.16314639475601,90.83730025474793
tdr1vcx,73.87108521485798,73.89262117968957
tdr1vcz,63.83831026948289,65.30557165509362
tdr1vd6,53.58703568827386,58.42405264686197
tdr1vd7,77.62199563000728,79.21048840117544
tdr1vdc,38.09176984705026,37.627287783570246
tdr1vdk,73.68900218499635,71.0966762440821
tdr1vds,77.76766205389659,76.94585737084799
tdr1vdu,64.93080844865258,62.53517590705853
tdr1vdv,59.99635833940277,62.30199440470445
tdr1ve1,41.64238892935179,42.60956553424403
tdr1ve4,37.436270939548436,37.42183619447426
tdr1vef,6.5731973780043695,9.585090610025695
tdr1vej,59.28623452294246,57.63428977777072
tdr1ven,51.58412235979607,52.84958152634137
tdr1ver,39.020393299344505,41.45550467329025
tdr1vey,20.87581937363438,19.290288284549646
tdr1vf4,25.546249089584848,25.86046580682301
tdr1vfh,36.87181354697742,39.21368069274818
tdr1vfj,26.96649672250546,30.585884227039752
tdr1vfu,80.97232337946103,85.57780953903963
tdr1vfv,80.29861616897304,83.37835577071371
tdr1vfy,84.61398397669338,86.31269225256561
tdr1vfz,86.92643845593591,86.16381424773844
tdr1vg0,86.96285506190823,87.61381120883412
tdr1vg1,82.9388201019665,74.55310124919198
tdr1vg3,84.4136926438456,86.96492989586844
tdr1vg5,80.20757465404225,82.40943701609822
tdr1vg6,89.22068463219229,89.5872694004283
tdr1vg7,86.67152221412965,89.50992757370126
tdr1vgd,77.64020393299344,76.08423393972534
tdr1vge,94.57392571012382,92.79487727154793
tdr1vgg,86.01602330662782,90.70036488277519
tdr1vgh,74.6176256372906,74.60278343345026
tdr1vgj,89.34814275309542,90.10453625775497
tdr1vgk,93.64530225782957,92.93787386812797
tdr1vgm,88.67443554260743,88.39609083449989
tdr1vgn,93.71813546977423,91.02888000830166
tdr1vgp,88.07356154406409,88.6489882839582
tdr1vgq,83.84923525127458,86.40658208552391
tdr1vgr,88.00072833211945,88.41212167005627
tdr1vgs,85.08739985433358,88.0150196109585
tdr1vgt,85.17844136926438,87.55226745228049
tdr1vgu,93.93663510560816,93.97272813794964
tdr1vgw,95.64821558630736,95.11006273878702
tdr1vgx,94.33721777130371,94.35591047716156
tdr1vgy,84.57756737072106,86.83525334331716
tdr1vgz,77.98616168973052,79.46300737160709
tdr1vhp,63.20101966496723,65.39491798521594
tdr1vhq,66.40568099053168,65.09973729166104
tdr1vhr,71.44938091769846,71.81049881833701
tdr1vhv,72.32337946103424,74.16938319309179
tdr1vhw,77.67662053896576,76.06922875400609
tdr1vhx,76.62053896576839,76.32481380205573
tdr1vhy,71.52221412964312,71.56566728697365
tdr1vhz,71.74981791697014,71.73058239884139
tdr1vj7,53.45957756737072,55.26533383500025
tdr1vjg,58.539694100509834,66.73429662291228
tdr1vjj,68.918426802622,69.63305880655359
tdr1vjm,87.61835396941005,84.27437551532701
tdr1vjq,74.70866715222141,75.43431742417778
tdr1vjr,50.10924981791697,53.75335923186826
tdr1vjt,76.63874726875454,74.92885538071589
tdr1vju,86.48943918426802,86.10343694748502
tdr1vjv,76.65695557174071,77.95543585954546
tdr1vjy,77.02112163146396,81.46210612395222
tdr1vk0,67.18863801893663,69.24622830784529
tdr1vk3,45.9577567370721,54.07949464885933
tdr1vk6,48.25200291332848,50.51398052485029
tdr1vk8,68.33576110706481,69.02423148292615
tdr1vkb,68.46321922796795,69.79266313612663
tdr1vkh,50.29133284777859,57.558777241854415
tdr1vkk,49.59941733430444,49.28567974099825
tdr1vkm,56.80080116533139,64.28700335714947
tdr1vm0,78.69628550619082,80.66023992969293
tdr1vmz,58.68536052439912,67.13773973943749
tdr1vn5,72.8150036416606,72.83348198294708
tdr1vn7,87.36343772760378,86.76310578148566
tdr1vng,67.9715950473416,69.00354265796116
tdr1vnh,91.40568099053168,91.73911369349683
tdr1vnj,79.00582665695556,79.41145514164549
tdr1vnk,85.85214857975237,87.23305668241754
tdr1vnm,83.77640203932994,83.61607199818314
tdr1vnq,83.99490167516387,85.32586840217651
tdr1vns,81.35469774217043,83.20922099015677
tdr1vnt,83.63073561544064,83.07419718208348
tdr1vnu,78.6598689002185,79.70545255920008
tdr1vnv,84.99635833940276,85.13958953951006
tdr1vpe,80.01638747268754,82.2489203448326
tdr1vph,65.31318281136198,66.80914108109815
tdr1vpj,65.96868171886379,66.33378392530561
tdr1vpm,77.43991260014566,79.51214880587472
tdr1vps,83.92206846321922,84.21877146644798
tdr1vpt,84.06773488710853,85.87042312512688
tdr1vpu,88.7836853605244,86.87223288315423
tdr1vpv,85.43335761107065,86.863846079923
tdr1vqh,49.45375091041515,55.04282777241233
tdr1vqm,51.63874726875455,55.61287145502586
tdr1vqn,78.27749453750911,81.52340503554477
tdr1vqp,64.83976693372178,71.15731226013929
tdr1vqq,77.23962126729789,77.13651731191217
tdr1vrg,69.35542607428987,62.47383084542011
tdr1vrs,60.37873270211216,57.77719372352446
tdr1vsf,85.99781500364166,86.30865806585842
tdr1vsk,41.569555717407134,48.506906304852805
tdr1vss,45.28404952658413,51.12069044992969
tdr1vst,45.2476329206118,47.26924967833542
tdr1vt4,84.59577567370721,86.69156925656249
tdr1vt5,85.39694100509833,85.20653974730986
tdr1vt6,83.10269482884195,84.73728644679164
tdr1vtd,74.38091769847051,76.529393856422
tdr1vte,74.65404224326294,75.83580382110836
tdr1vtn,20.81209031318281,22.427882975491936
tdr1vtr,23.0517115804807,19.674404763532518
tdr1vu3,64.76693372177714,65.44875403767662
tdr1vu9,67.33430444282592,70.85671137411362
tdr1vud,72.23233794610341,73.35982771336194
tdr1vue,57.13765477057539,57.03763541521718
tdr1vuf,74.69045884923526,72.9961606423222
tdr1vug,81.68244719592134,78.91130865567885
tdr1vuj,74.78150036416606,76.2698057060751
tdr1vuk,36.52585579024035,34.50728842431895
tdr1vum,38.10997815003642,37.421013967566864
tdr1vun,86.3619810633649,87.0023842044553
tdr1vus,46.12163146394756,47.30710150041509
tdr1vvr,53.51420247632921,55.71115047445789
tdr1vwz,32.738528769118716,33.96096704419846
tdr1vxm,51.4748725418791,50.96165233051981
tdr1vxq,40.695557174071375,38.300521349927465
tdr1vxt,37.34522942461763,42.40424916009523
tdr1vxv,34.12235979606701,32.269466590074266
tdr1vy2,32.08302986161689,34.47801966700323
tdr1w04,51.54770575382375,33.70045022153501
tdr1w06,76.36562272396212,73.97898966881647
tdr1w0z,65.79570284049527,61.521959529669004
tdr1w10,95.63000728332119,90.71126323957289
tdr1w11,98.23379461034231,94.85906098786252
tdr1w13,94.13692643845593,91.78748234017662
tdr1w19,94.44646758922069,92.65765217997364
tdr1w1c,92.42534595775673,94.65358063088503
tdr1w1p,75.30954115076474,74.8569083192425
tdr1w21,63.85651857246904,65.01943346224832
tdr1w26,63.69264384559359,59.14241383710985
tdr1w27,52.75855790240349,48.04967525678182
tdr1w2b,73.47050254916242,74.83179525384547
tdr1w30,71.59504734158776,69.59636079844866
tdr1w31,73.59796067006556,69.92168573196358
tdr1w33,61.59868900218499,56.558492552000445
tdr1w41,91.49672250546249,87.9672905040637
tdr1w4b,92.40713765477058,86.56572669225274
tdr1w4e,79.67953386744355,78.09311934306926
tdr1w4g,68.48142753095412,65.67025779715182
tdr1w4h,36.63510560815732,44.661492129238304
tdr1w4k,60.579024034959936,58.0665962169956
tdr1w4m,68.80917698470502,71.03094539534884
tdr1w4s,80.58994901675163,78.6823539405349
tdr1w4u,79.8980335032775,78.24933006418931
tdr1w4v,88.12818645302258,89.1617244425423
tdr1w4w,77.84049526584123,77.90123603772587
tdr1w4y,81.28186453022577,82.99222717289271
tdr1w4z,84.28623452294246,86.67238522904671
tdr1w54,46.01238164603059,45.9365155632478
tdr1w59,19.42825928623452,24.571405560838212
tdr1w5p,97.83321194464676,97.2509531163957
tdr1w65,8.539694100509832,12.438272150454328
tdr1w67,8.576110706482156,10.839240238148138
tdr1w79,59.46831755280408,59.99221365576456
tdr1w7n,31.35469774217043,28.431531039585764
tdr1w7t,38.36489439184268,42.262749229834036
tdr1w8f,59.95994173343044,64.17111626508012
tdr1w8g,53.55061908230153,57.916501347797166
tdr1w94,49.016751638747266,51.18139765344549
tdr1w96,64.40276766205389,65.7410890118646
tdr1w9f,72.97887836853604,73.28519305842049
tdr1wd1,74.10779315367807,72.78454212761713
tdr1wd2,71.74981791697014,70.4490080983198
tdr1wd3,70.8667152221413,67.79634489060312
tdr1wd4,81.09978150036416,81.41738828580792
tdr1wd8,62.36343772760379,64.47572354337262
tdr1wj8,31.44573925710124,33.265741196568584
tdr1wjb,32.57465404224326,33.690102799624555
tdr1wk4,36.8353969410051,37.13289492004114
tdr1wk5,23.088128186453023,24.64010613971649
tdr1wxm,48.6707938820102,49.143992453941635
tdr1wxq,42.58922068463219,41.28052495977676
tdr1wxs,55.753823743627095,53.79421612525904
tdr1wxt,45.55717407137655,45.83422110730019
tdr1wyg,74.74508375819373,73.89523703000424
tdr1wz3,71.84996358339403,74.03208716898322
tdr1wz5,75.05462490895849,73.15172388224859
tdr1wz6,87.65477057538237,88.64688764347588
tdr1wz7,76.31099781500365,76.97085171127823
tdr1wzb,74.2352512745812,72.81113093876645
tdr1wzk,75.96504005826657,77.0127836530269
tdr1wzm,89.0203932993445,84.98814077954793
tdr1wzn,90.78659868900219,92.12414415640761
tdr1wzq,90.22214129643118,88.89631152580294
tdr1wzw,76.76620538965769,71.93475991208184
tdr1x02,36.54406409322652,34.43546217843878
tdr1x08,37.454479242534596,37.925563845094274
tdr1x24,44.93809176984705,41.03616022678336
tdr1x26,44.75600873998543,45.402678429664974
tdr1x2k,34.92352512745812,38.97257934920189
tdr1x2t,27.49453750910415,29.46012418716986
tdr1x2x,46.267297887836854,46.35441799402081
tdr1x2z,39.785142024763296,39.62375759009058
tdr1x8b,51.52949745083758,55.359158305181566
tdr1x8c,74.01675163874727,71.81980945057111
tdr1x91,84.15877640203932,81.06281373800384
tdr1x94,82.48361252731246,69.82298813744933
tdr1x95,81.70975965040058,80.421176401906
tdr1x97,87.01747997086672,86.52996648022702
tdr1x9k,76.72978878368536,76.2894091977281
tdr1x9m,76.47487254187911,75.79170714159403
tdr1x9s,77.25782957028406,75.99969241227167
tdr1x9t,84.70502549162417,85.98139510359358
tdr1x9w,65.33139111434815,65.67224456885523
tdr1x9x,84.32265112891479,81.6852167214189
tdr1xbz,88.29206117989803,89.54401410605858
tdr1xc8,84.3590677348871,82.2655367849501
tdr1xcb,93.02621995630007,92.44350173871345
tdr1xcc,92.69847050254916,92.57834181652342
tdr1xcp,93.59067734887108,89.82518692391173
tdr1xcr,97.06846321922797,96.28185942562015
tdr1xcx,91.29643117261472,88.1652475441662
tdr1xcz,97.68754552075747,99.62603780007076
tdr1xf0,92.24326292789512,91.83503889400504
tdr1xf1,98.48871085214857,97.35962731072172
tdr1xf4,98.56154406409323,98.27464823572129
tdr1xf6,99.50837581937363,98.42012199546004
tdr1xf7,99.36270939548434,98.39594721885179
tdr1xfe,99.49016751638747,97.59064226577927
tdr1xfj,96.12163146394757,95.71961062155593
tdr1xfk,95.8667152221413,95.73713092130069
tdr1xfm,95.30225782957028,95.2655421027998
tdr1xfn,99.28987618353969,98.92343621389756
tdr1xfp,95.83029861616897,95.34563343291755
tdr1xfs,96.32192279679533,96.36408097265287
tdr1xft,96.59504734158776,95.29997812770463
tdr1xfu,99.6176256372906,98.6371327833848
tdr1xfv,97.39621267297888,97.53692827226074
tdr1xfy,97.35979606700656,97.52566235723646
tdr1xgj,95.81209031318281,96.07330168950745
tdr1xgn,99.39912600145666,99.76977246136408
tdr1xgr,99.67225054624909,99.52112168371085
tdr1xgx,99.8543335761107,99.777219754686
tdr1xp4,75.27312454479242,75.4957449540638
tdr1xp5,73.63437727603788,71.63127585549313
tdr1xph,69.57392571012382,59.08589674855038
tdr1xpn,62.89147851420248,67.49746265572078
tdr1xqu,46.558630735615445,48.08354884467744
tdr1xrh,46.06700655498908,48.08331106962234
tdr1y08,18.663510560815734,24.306249126459463
tdr1y11,38.82010196649672,38.75204560101888
tdr1y14,26.675163874726877,29.578649146140787
tdr1y18,68.5360524399126,67.6098404834402
tdr1y19,61.270939548434086,64.78778234330296
tdr1y1b,67.98980335032775,70.57322939236296
tdr1y1c,67.27967953386744,67.55951076379
tdr1y1d,48.998543335761106,51.546685195797295
tdr1y1f,43.1536780772032,42.012442027901976
tdr1y1r,68.02621995630007,71.38580826882226
tdr1y1s,80.95411507647488,77.77376870514315
tdr1y1t,80.09832483612527,79.27186623453619
tdr1y1u,85.14202476329206,85.15336146778638
tdr1y1v,84.90531682447195,82.32859082400334
tdr1y1w,80.77203204661325,81.61370336907508
tdr1y1x,82.59286234522942,87.84068857484895
tdr1y1y,89.36635105608157,92.70797527738243
tdr1y32,71.39475600873999,71.31766926385588
tdr1y38,82.5564457392571,88.26047826801143
tdr1y39,65.14930808448652,65.03925884544239
tdr1y3c,75.03641660597232,74.69655200585339
tdr1y3d,76.29278951201748,79.01276529257973
tdr1y3g,65.84122359796068,68.18645794711082
tdr1y3t,49.7632920611799,50.68646241903315
tdr1y3u,75.89220684632193,74.89777106145995
tdr1y40,73.78004369992716,75.70681821585947
tdr1y49,89.76693372177714,85.88207823012154
tdr1y4c,93.17188638018936,92.19544584277622
tdr1y4g,91.84268026219956,89.61291493737242
tdr1y4j,72.79679533867444,70.01789970476958
tdr1y4u,80.80844865258557,79.84444069686623
tdr1y4v,69.7742170429716,72.61198842916512
tdr1y50,89.49380917698471,89.06191827514813
tdr1y51,92.57101238164603,91.75025395372653
tdr1y52,89.45739257101238,89.15668291150232
tdr1y53,92.17042971595048,90.66381139156104
tdr1y54,93.42680262199563,92.9064250534362
tdr1y55,92.98980335032775,90.49812333483622
tdr1y56,93.33576110706481,92.53887947418723
tdr1y57,91.71522214129642,91.54074806269826
tdr1y58,86.25273124544792,88.57921308239601
tdr1y59,92.47997086671522,90.5910789631331
tdr1y5b,84.81427530954116,82.78127556771001
tdr1y5d,93.68171886380189,90.79597358342045
tdr1y5h,72.92425345957757,74.99635261354979
tdr1y5j,71.5768390386016,70.79589898027484
tdr1y5k,94.7742170429716,94.39264341488725
tdr1y5s,76.14712308812818,78.5801173987176
tdr1y61,82.64748725418791,81.3485750487551
tdr1y6j,79.6613255644574,76.05170673836354
tdr1y6q,88.91114348142753,88.49234572318352
tdr1y6x,98.06991988346687,97.1221368626589
tdr1y6z,97.65112891478515,98.63188403519649
tdr1y7p,95.39329934450109,93.63111118954664
tdr1y92,75.01820830298617,74.74341552999594
tdr1y99,77.49453750910416,77.66998108000129
tdr1y9h,59.68681718863802,61.97801239520341
tdr1y9j,59.19519300801165,60.65253436082391
tdr1y9n,88.1646030589949,89.76184661172657
tdr1y9p,89.58485069191552,90.65779631106574
tdr1yb0,87.89147851420248,87.15168523112231
tdr1yb2,90.69555717407137,92.79996090750264
tdr1yb8,91.04151493080846,91.16461417373144
tdr1ybb,79.35178441369264,77.66292470394069
tdr1ybv,98.68900218499635,97.82150521676022
tdr1yby,85.10560815731974,82.29292724178076
tdr1ybz,73.761835396941,68.68593808753471
tdr1yc0,80.28040786598689,82.45644155611114
tdr1yc1,92.04297159504733,93.02848183491662
tdr1yc4,94.5375091041515,91.88557621036107
tdr1yc5,94.61034231609614,93.5385860365427
tdr1ych,96.2490895848507,96.34504087992514
tdr1ycj,99.2352512745812,98.81521157770628
tdr1yck,96.83175528040786,94.1671897278324
tdr1ycm,98.59796067006556,99.16470937671515
tdr1ycs,96.03058994901676,96.32691374996857
tdr1ydb,97.523670793882,97.84024563175645
tdr1ydt,59.24981791697014,56.699254548035654
tdr1ydw,79.36999271667881,83.72035793126199
tdr1ydx,87.96431172614713,89.48382131980132
tdr1ye0,95.68463219227968,95.33136253622617
tdr1yf8,81.1361981063365,84.74118445397883
tdr1yfb,75.60087399854334,74.25567294332632
tdr1yfc,67.51638747268754,63.70781263844154
tdr1yff,43.936635105608154,44.09925858792697
tdr1yg0,61.96285506190823,67.10057409802647
tdr1yg8,58.211944646758916,54.16039317565135
tdr1yh0,62.85506190823015,68.44495788994578
tdr1yh9,51.62053896576839,50.52489158557403
tdr1yhg,11.307356154406408,17.665778970825823
tdr1yhr,37.527312454479244,32.61107016922181
tdr1yj2,68.13546977421704,64.42750627006144
tdr1yj3,71.54042243262928,70.5997972681322
tdr1yj5,37.19956300072833,38.30413608072714
tdr1yj9,63.801893663510555,62.301858972716225
tdr1yjd,60.41514930808448,61.150560962199364
tdr1yjf,59.97815003641661,62.5373587416869
tdr1yjg,70.72104879825201,73.21151335623075
tdr1yjs,69.1551347414421,71.66136994047856
tdr1yjt,70.13838310269482,72.21155206240115
tdr1yju,68.09905316824472,73.43488935062335
tdr1yjw,72.60560815731974,75.13890027340327
tdr1yjy,41.47851420247633,46.88339847716942
tdr1yjz,26.839038601602333,31.618927556490046
tdr1yk0,48.525127458120906,48.111266347677244
tdr1yk2,40.44064093226511,40.878693270325876
tdr1yn1,39.093226511289146,42.88612471462493
tdr1yn4,41.04151493080845,39.54600497104964
tdr1ynd,69.06409322651129,66.67232600128847
tdr1yne,78.40495265841224,78.79544214796816
tdr1yng,72.41442097596504,73.46267259428363
tdr1ynj,62.32702112163147,65.62774640321702
tdr1ynt,8.248361252731245,13.829635617581934
tdr1ynw,10.214857975236708,15.815496989821469
tdr1yqd,8.849235251274582,12.177297077697494
tdr1yqk,41.250910415149306,40.238639433673455
tdr1yqs,37.21777130371449,38.299512123999925
tdr1yr9,41.69701383831027,46.42737805058885
tdr1yrf,29.697742170429713,27.141835065330124
tdr1ywf,18.335761107064823,17.72727165963552
tdr1z0s,89.29351784413693,89.25128872932991
tdr1z0t,79.73415877640204,80.63772562032317
tdr1z1k,86.89002184996359,74.6717658469223
tdr1z1m,93.29934450109249,93.79021053085889
tdr1z1s,98.32483612527312,98.56403083139834
tdr1z4b,22.742170429715948,21.465478638271485
tdr1zes,21.795338674435545,22.574544021830675
tdr1zfx,98.10633648943919,99.23311321553201
tdr1zfz,98.37946103423161,97.19787462504681
tdr1zj0,84.38638018936635,77.37221700436382
tdr1zj1,82.57465404224327,80.13675487165052
tdr1zjn,67.13401310997816,69.6437287520735
tdr1zjr,69.59213401310997,70.38979657199026
tdr1zm2,71.88638018936635,70.52212173156437
tdr1zm3,75.40058266569557,79.2940677603303
tdr1zm8,76.0014566642389,75.0416018378772
tdr1zme,99.94537509104151,99.48888400118248
tdr1zmg,99.69045884923526,99.24096385257904
tdr1zmu,99.90895848506919,100.48750435455926
tdr1zmv,100.0,100.14374264859259
tdr1zqh,99.14420975965041,98.03171308660487
tdr1zqj,99.98179169701383,100.3221656632436
tdr1zqn,99.81791697013838,99.17016830330411
tdr1zqq,98.16096139839767,92.68990186277387
tdr1zr0,7.975236707938819,11.770768182940698
tdr1zuf,48.543335761107066,52.75154719239703
tdr1zuh,40.60451565914057,39.611090156021916
tdr1zvy,95.75746540422433,93.26999794082863
tdr1zvz,94.41005098324837,95.30959674277817
tdr1zw6,94.0094683175528,89.64965029417945
tdr1zw8,97.26875455207575,95.92794420415981
tdr1zw9,95.9577567370721,93.66481207320466
tdr1zwd,99.70866715222141,99.73124736890234
tdr1zwe,99.21704297159505,98.65304001000317
tdr1zwf,94.82884195193007,93.5464421349352
tdr1zxr,89.639475600874,86.88549459886077
tdr1zy6,57.5564457392571,54.98090974330032
tdr1zy7,56.48215586307356,52.625189216971776
tdr1zyn,82.11944646758921,75.54211660369575
tdr1zz2,94.8652585579024,93.11501659640996
tdr1zz8,94.51930080116533,92.54798125593965
tdr1zz9,96.68608885651857,95.22006456717921
tdr1zzf,79.38820101966498,77.43732901129306
tdr32ec,50.63729060451566,49.05054219393408
tdr32ed,57.01019664967225,55.36255390993557
tdr32ef,57.57465404224327,55.2989543480355
tdr32j8,35.76110706482156,35.25537863772961
tdr32j9,36.94464675892207,35.24968729385606
tdr32jn,30.043699927166788,26.06197476694493
tdr3333,66.86088856518573,66.10462497354068
tdr3840,91.0233066278223,94.1978706703797
tdr3842,93.7727603787327,92.61677959642017
tdr3851,92.33430444282592,87.95366794767237
tdr3852,99.01675163874727,97.1293006534627
tdr3853,99.45375091041515,98.2233690118009
tdr3855,93.79096868171887,91.6396224347088
tdr3856,98.85287691187182,99.2726747486639
tdr3857,92.95338674435543,90.33173188842234
tdr3858,99.96358339402768,99.56515755307078
tdr385b,96.43117261471231,94.02431080800608
tdr385h,85.70648215586307,86.75861346205966
tdr385j,85.28769118718135,85.61022302600313
tdr385n,84.44100509832484,87.17713822269124
tdr38h1,97.42352512745812,98.75188145194029
tdr38h3,90.16751638747269,91.2287801723109
tdr38h6,90.84122359796068,91.08533391629074
tdr38h9,96.1034231609614,96.11113088906173
tdr38hd,97.97887836853604,97.14694999302532
tdr38hf,98.5797523670794,97.3718989079145
tdr38j4,98.74362709395484,97.34454662564085
tdr38j6,99.56300072833211,98.51417948205109
tdr38j7,99.78150036416606,99.98763915848615
tdr38je,99.58120903131828,99.0975532818021
tdr38jg,99.54479242534596,98.18295545529202
tdr38ne,97.99708667152221,98.34462485815375
tdr38ns,99.18062636562273,99.24672300241089
tdr38nt,98.25200291332847,98.15784587510791
tdr38nu,98.34304442825929,98.39065788199261
tdr38nw,97.63292061179898,97.1656368095363
tdr38ph,98.08812818645303,97.89102594751529
tdr38pk,96.01238164603059,96.41312734709017
tdr38ps,57.15586307356154,52.75664906365837
tdr38q9,25.98324836125273,27.735927601362473
tdr38qw,88.58339402767662,91.90488582724073
tdr38qy,87.90968681718864,91.64413920454223
tdr38rn,83.37581937363437,81.72189996294965
tdr38rp,78.86016023306628,77.15121832639949
tdr38rr,66.58776402039331,67.80370387523685
tdr38rx,73.19737800437,72.71539166560252
tdr38rz,92.9715950473416,92.63471820103445
tdr38t2,97.92425345957757,98.12253713571097
tdr38t8,98.21558630735615,97.00593628829624
tdr38tb,98.2884195193008,95.7457167212041
tdr38w8,72.72396212672979,73.94111377184223
tdr38xb,85.0327749453751,84.79913288078765
tdr38yd,50.163874726875456,47.63942333493285
tdr38zg,66.22359796067006,65.27240770569799
tdr395m,84.94173343044427,74.93142268233379
tdr39hj,68.97305171158048,69.45073450411009
tdr3b0u,77.93153678077203,77.0417290378204
tdr3b15,72.86962855061908,70.55980587130584
tdr3b2p,87.19956300072833,83.1161389392791
tdr3b2t,33.539694100509834,33.05043501204508
tdr3b2w,45.50254916241806,45.834719122097624
tdr3b2x,62.7822286962855,63.32610401493649
tdr3b37,98.39766933721778,98.02520968331324
tdr3b3e,98.1427530954115,98.70450309766696
tdr3b3g,78.20466132556446,71.70477946423637
tdr3b3h,90.877640203933,90.7533350228013
tdr3b3k,92.02476329206118,92.49565645020134
tdr3b41,82.21048798252004,85.2357966284095
tdr3b48,88.20101966496723,90.21948629977099
tdr3b4b,96.15804806991989,97.91133920932492
tdr3b65,79.77057538237436,74.00032832454103
tdr3b6f,44.91988346686089,45.49563435149587
tdr3b6s,57.7931536780772,64.80615611081127
tdr3b6t,63.5469774217043,62.877301997289145
tdr3b79,50.182083029861616,42.83893235278095
tdr3b7c,62.23597960670065,59.50009327411297
tdr3b80,83.70356882738528,79.14336284517985
tdr3b82,86.43481427530955,85.22572800444969
tdr3b88,83.46686088856518,82.68860956990235
tdr3bj8,96.79533867443554,96.39992677683935
tdr3bj9,95.5753823743627,95.75970183235093
tdr3bjb,96.06700655498908,95.21314363699561
tdr3bjd,95.46613255644574,92.75589794962654
tdr3bk6,52.585579024034956,47.92527277865011
tdr3bks,24.289876183539693,23.10955731919803
tdr3bmr,51.056081573197375,46.56409274487171
tdr3bpb,99.92716678805536,100.48458988731078
tdr3bpc,98.54333576110706,97.29800891211023
tdr3br6,8.394027676620539,8.678551365059175
tdr3bu5,77.1849963583394,75.85545050732449
tdr3buh,86.16168973051711,87.1232948380072
tdr3buj,86.56227239621266,89.58215912279663
tdr3buk,86.8353969410051,83.95715637916561
tdr3bum,94.66496722505462,97.29074010649111
tdr3bxh,85.23306627822286,65.51743453700495
tdr3c0r,67.77130371449381,61.36008229862865
tdr3c0z,72.21412964311726,66.59490832291351
tdr3c1p,79.69774217042972,68.80708951436516
tdr3c5u,75.1456664238893,71.82711293514309
tdr3c6b,46.08521485797524,35.60476740507225
tdr3c79,58.8856518572469,56.49951703919539
tdr3cqv,45.97596504005826,50.66828132102677
tdr3crj,37.090313182811364,36.65759173959487
tdr3crk,50.2367079388201,56.022559647864746
tdr3crv,44.227967953386745,46.50578035174199
tdr4535,13.911143481427532,13.411446329360183
tdr453h,15.030954115076476,15.71975545969009
tdr458w,17.971595047341587,18.110806211201812
tdr45rr,70.66642388929351,75.31688608130473
tdr45rt,42.607428987618356,36.95479416235915
tdr45vz,82.0284049526584,69.67300781620187
tdr45wv,45.61179898033503,43.04950504440717
tdr45wy,56.190823015294974,52.82921768845039
tdr45wz,56.937363437727605,56.12397888064436
tdr45x2,63.47414420975965,62.89690428077004
tdr45x4,54.62490895848507,51.07795806973441
tdr45xx,51.16533139111434,45.0699686942776
tdr45yh,36.58048069919884,42.28904279409505
tdr45yk,49.07137654770575,49.968170022337006
tdr469t,32.246904588492356,27.63975895947069
tdr46c1,44.10050983248362,45.514802096195446
tdr4720,29.888929351784416,28.902620937501815
tdr478x,25.091041514930808,31.743432782077345
tdr4h0j,98.50691915513474,97.94749818215172
tdr4h1r,86.99927166788055,89.30017154094442
tdr4h32,97.45083758193736,90.22725848628173
tdr4h38,98.4340859431901,98.59292662993896
tdr4h3b,98.45229424617625,98.55174315086704
tdr4h3c,97.1048798252003,96.26994266435545
tdr4h4q,59.0313182811362,56.76324394243705
tdr4h60,92.77130371449381,87.46621974437623
tdr4h61,91.05972323379461,82.12046559900644
tdr4h69,73.98033503277495,69.00357331746153
tdr4h6n,26.493080844865258,29.856521358995572
tdr4h7y,95.52075746540423,95.52528565863076
tdr4h7z,91.31463947560088,87.50500549315323
tdr4h80,48.87108521485797,49.663983059123844
tdr4h81,46.576839038601605,54.261546195533626
tdr4h83,52.11216314639475,50.058152131954735
tdr4h8h,82.97523670793882,82.21887120194863
tdr4h8j,81.75528040786598,80.01049577174354
tdr4h8m,93.48142753095412,93.92702284717859
tdr4h8q,92.89876183539694,92.96185653605157
tdr4h8w,91.56955571740714,91.20137989043177
tdr4h8x,83.43044428259286,83.72437105156618
tdr4h8z,87.39985433357612,87.8184557251385
tdr4h9w,46.04879825200292,38.66028592256889
tdr4hb1,90.27676620538966,84.58083975911903
tdr4hb3,87.43627093954844,88.08834825182866
tdr4hb4,90.80480699198836,89.0633988047982
tdr4hb5,85.61544064093226,85.90692278145345
tdr4hb6,92.55280407865986,90.20150509797331
tdr4hb9,86.6897305171158,85.73354610824009
tdr4hbb,87.4544792425346,87.32755899000192
tdr4hbc,87.05389657683904,86.83634022051908
tdr4hc1,86.39839766933721,88.05510565123942
tdr4hc3,81.11798980335033,76.71532468748032
tdr4hc6,90.14930808448652,92.77617914705817
tdr4hcg,73.39766933721778,73.51410040054606
tdr4hcu,80.4624908958485,78.88120698914878
tdr4he3,87.03568827385287,83.87392534884921
tdr4he8,91.9155134741442,85.82390174303684
tdr4he9,64.32993445010925,59.11587188403815
tdr4hf0,59.43190094683175,55.951856989935756
tdr4hf4,58.50327749453751,58.20690539337649
tdr4hf5,74.96358339402768,71.01684391251133
tdr4hk5,93.2083029861617,89.83402204394957
tdr4hk7,83.83102694828843,80.8581585884217
tdr4hkd,43.09905316824472,44.904359120819244
tdr4hkh,89.32993445010925,92.57622631472108
tdr4hkj,97.88783685360525,97.27560422570517
tdr4hm7,21.5768390386016,27.012580722292906
tdr4hpu,41.91551347414421,35.61910685598243
tdr4hue,88.05535324107792,82.50010883704522
tdr4hug,96.4857975236708,90.53030988675383
tdr4hus,85.9796067006555,84.171775227463
tdr4hxz,63.619810633648946,73.03217746283553
tdr4hzb,63.56518572469045,64.42607577940171
tdr4j0h,84.30444282592863,85.97507935145565
tdr4j0j,87.3088128186453,88.33103786903848
tdr4j2h,51.12891478514202,52.18015195770474
tdr4j2w,42.91697013838311,47.454845187982826
tdr4j5v,75.54624908958485,76.5887417460291
tdr4j5w,68.95484340859433,68.35466652206557
tdr4j5x,70.22942461762564,69.17470068665288
tdr4j6x,73.41587764020393,75.0231571073701
tdr4j6z,63.14639475600874,67.99179355087597
tdr4j77,54.44282592862345,53.32804866813715
tdr4j78,63.58339402767662,66.64195052204776
tdr4j79,61.16168973051711,63.66637190060993
tdr4j7d,56.418426802621994,59.79287617899593
tdr4j7e,45.66642388929352,46.20600687835506
tdr4j7p,64.69410050983248,64.39663325579077
tdr4j7u,42.49817916970138,42.995775962431324
tdr4j9s,21.394756008739986,22.619244485881953
tdr4j9u,32.71121631463947,34.40811412049713
tdr4jdm,52.75855790240349,50.677199594054166
tdr4jdt,55.55353241077932,55.62712153671729
tdr4jdv,56.900946831755284,54.71593156573203
tdr4je2,55.91769847050255,57.38781498182513
tdr4je8,37.509104151493084,32.98427462496533
tdr4jej,58.557902403496,60.21699481975263
tdr4jen,54.36999271667881,59.56829641037054
tdr4jh2,14.475600873998543,17.58967805878315
tdr4jm0,24.326292789512017,38.44150819768055
tdr4jm2,33.448652585579026,31.895388194696753
tdr4jpj,35.65185724690459,41.72175361216686
tdr4jpn,56.91915513474144,57.47534637890832
tdr4jpp,83.90386016023307,85.1129514146355
tdr4jr0,73.48871085214857,73.24606216821805
tdr4jr1,76.9482884195193,77.6462131638849
tdr4jr3,81.2272396212673,82.15546320369829
tdr4jr6,78.7509104151493,80.07801365497137
tdr4jsd,87.32702112163146,87.96689786983553
tdr4jsf,86.05243991260014,87.52312919656698
tdr4jt4,84.97815003641661,84.07770185396284
tdr4jt6,86.32556445739257,85.80510394815794
tdr4jt7,88.401310997815,86.82776714632145
tdr4jtf,48.81646030589949,50.76750757299563
tdr4jtg,37.873270211216315,37.55606628353842
tdr4jw5,48.36125273124544,47.72261427560681
tdr4jw7,36.343772760378734,31.466408105611098
tdr4jxt,61.343772760378734,61.930576028562825
tdr4jxv,77.85870356882738,80.73397100377349
tdr4k2d,57.77494537509105,59.573714210802194
tdr4k2e,27.203204661325564,31.339847551902714
tdr4k5p,15.549890750182083,12.671531299791269
tdr4k8g,40.294974508375816,45.94768689528323
tdr4k8u,40.276766205389656,42.81102442301002
tdr4k95,40.54989075018208,48.22960440054381
tdr4k9h,37.96431172614712,41.50494394596075
tdr4ktk,31.609613983976693,24.588535345829403
tdr4m33,40.31318281136198,31.599920956889903
tdr4m39,43.044428259286235,34.371759402678116
tdr4m6u,8.812818645302258,13.63807179488474
tdr4m7r,84.23160961398398,82.39599431704362
tdr4m8m,25.60087399854333,26.5833859054989
tdr4m8w,46.995630007283324,48.891236020252705
tdr4m93,51.092498179169695,46.379561933911106
tdr4m99,80.53532410779314,84.86683920922916
tdr4m9c,78.16824471959214,82.44734558382002
tdr4m9h,57.50182083029861,56.61557834420357
tdr4m9j,61.25273124544792,57.662667981664505
tdr4m9m,55.790240349599415,54.325672098650735
tdr4m9v,74.25345957756737,73.98455033128765
tdr4md0,83.0298616168973,83.89579239592099
tdr4md1,76.38383102694829,79.19633253248882
tdr4md4,84.77785870356882,81.81716941554876
tdr4md5,83.72177713037145,83.81186852911814
tdr4mdh,76.52949745083758,78.35219323781607
tdr4mdv,72.65112891478515,74.14342243312471
tdr4mdw,65.95047341587764,60.967338390214586
tdr4me1,86.87181354697742,86.63734670061261
tdr4me2,87.6911871813547,87.52492307601602
tdr4me3,84.08594319009468,86.60134477623993
tdr4me6,86.0706482155863,86.8544949610298
tdr4me9,83.95848506919154,87.39770643083538
tdr4med,86.50764748725419,87.42674710084745
tdr4mee,94.64675892206846,94.29774338313084
tdr4meg,85.19664967225054,88.06334728604985
tdr4mej,59.04952658412236,64.73872964695981
tdr4mem,60.041879096868165,61.24428326207354
tdr4mes,65.65914056809905,71.41061301422972
tdr4met,67.38892935178441,68.85256812498818
tdr4mxq,59.86890021849963,62.1059079087236
tdr4mxw,57.283321194464676,51.90741071608954
tdr4mxy,59.231609613983984,62.82199286401794
tdr4n2v,44.79242534595776,47.90624629288193
tdr4ndt,32.92061179898034,37.48643083287762
tdr4ndw,31.136198106336487,35.46314321115022
tdr4ndx,36.03423160961398,37.92617213825102
tdr4nk7,40.53168244719592,39.14301143869251
tdr4nkg,67.42534595775673,70.89242770681682
tdr4nks,56.646030589949014,52.075322633341905
tdr4nku,64.38455935906774,59.724304090662024
tdr4nkw,45.37509104151493,40.86504445659905
tdr4nm5,67.73488710852149,67.04988717309938
tdr4nmh,68.66351056081574,72.68846154119649
tdr4nqy,15.276766205389658,15.651107420536295
tdr4nx8,18.42680262199563,16.717113551639727
tdr4p4s,17.33430444282593,15.643311029422371
tdr4pbj,98.9985433357611,97.36185767174379
tdr4pbn,99.79970866715222,99.74381006332699
tdr4pbp,99.89075018208304,100.33281783611132
tdr4pbq,92.53459577567371,92.61356469464411
tdr4q7j,28.368536052439914,22.795520016375548
tdr4qee,58.99490167516388,66.2951297437146
tdr4qtv,43.827385287691186,43.77914568841566
tdr4qty,44.57392571012382,49.15132462266498
tdr4r18,25.072833211944644,22.915927413033607
tdr4t0x,27.184996358339404,27.790911471008048
tdr4t29,30.025491624180628,28.863930077316923
tdr4t2d,16.5877640203933,19.1496682519028
tdr4t2r,5.06190823015295,5.545854278113598
tdr4t7f,12.308812818645302,18.326162565786326
tdr4t8d,33.50327749453751,39.98778313055483
tdr4tb3,81.88273852876911,82.86841396009379
tdr4tb4,68.93663510560816,68.8387343065754
tdr4tb6,72.56008739985434,71.742741272554
tdr4tb8,84.68681718863802,89.25231609879125
tdr4wh3,17.534595775673704,11.861648552439977
tdr4whf,32.52002913328478,30.245145756190173
tdr4whx,34.45010924981792,30.568915689731668
tdr4ws6,87.7822286962855,80.73678556125283
tdr4ws9,90.89584850691915,86.0062684651155
tdr4wsb,91.00509832483613,80.90526167649912
tdr4wsc,86.81718863801893,81.01929028695264
tdr4y0z,49.30808448652586,42.724240007457816
tdr4zxu,95.53896576839038,95.39277071967679
tdr4zxv,86.90823015294976,88.01222666634389
tdr4zxy,77.78587035688274,76.82517411411042
tdr4zxz,57.45630007283321,58.125649032759114
tdr5nc5,99.72687545520758,98.0467741108481
tdr5nc7,96.54042243262928,94.50535859296969
tdr5nck,97.14129643117262,92.97416324167817
tdr5ncs,99.59941733430443,98.58579259814987
tdr5p8h,95.42971595047341,95.42510630531326
tdr5p8j,90.04005826656956,89.46504598057389
tdr5p8k,95.93954843408594,96.18482144682308
tdr5p8n,88.6926438455936,86.47861282472957
tdr5p8p,57.45630007283321,57.60236393949301
tdr5p8s,94.97450837581938,93.88508927068476
tdr5p8t,88.21922796795339,89.57779123215565
tdr5p8v,82.39257101238164,82.46872277512018
tdr5p9j,81.26365622723962,82.01305910742306
tdr5p9m,55.061908230152945,58.611529413100406
tdr5pb1,46.81354697742171,48.01615874173887
tdr5pb4,43.353969410050986,44.96527615726536
tdr5pb5,44.1551347414421,45.14763009340812
tdr6000,99.34450109249818,97.82875752221791
tdr6001,99.83612527312454,100.16882074618468
tdr6003,99.7632920611799,99.5009975603006
tdr6009,97.86962855061908,96.7712916025618
tdr600d,95.55717407137655,96.14884616873033
tdr6061,25.96504005826657,25.960907879611945
tdr60e6,18.28113619810634,25.140014893835293
tdr60vj,57.62927895120175,66.62878426697563
tdr612n,34.8871085214858,35.449247146416646
tdr61nz,78.33211944646759,85.94702931165344
tdr61qb,79.4701383831027,83.90285179233003
tdr6382,63.51056081573198,67.11228847457161
tdr6389,49.23525127458121,47.61308630816511
tdr638d,50.7101238164603,52.20756119937738
tdr727h,42.95338674435543,45.2550318023064
tdr727j,28.15003641660597,31.318458306520373
