gh7,impact,p_hotspot
tdr0zv7,76.21995630007284,0.018606755142091595
tdr0zve,75.49162418062637,0.011195597612900968
tdr0zvf,68.24471959213402,0.001345909439622488
tdr17n7,44.19155134741442,0.00012637446325768488
tdr17nu,55.18936635105608,0.001240348247799448
tdr17x3,21.321922796795338,0.016211641749186795
tdr1e7h,16.806263656227237,2.3217601450996112e-05
tdr1e7s,11.216314639475602,2.123236851896693e-05
tdr1efj,51.747997086671525,3.809042037433058e-05
tdr1efm,78.47778587035688,0.0009542043136879287
tdr1efy,65.60451565914057,0.00010175890088373307
tdr1efz,66.04151493080846,2.147904683842917e-05
tdr1egn,58.120903131828115,8.674412295062266e-06
tdr1eyx,84.10415149308085,0.04401366521426803
tdr1eyz,95.97596504005827,0.9891489502834742
tdr1ez6,58.958485069191546,0.00019357454513683618
tdr1ez9,70.46613255644574,0.0005190390890913274
tdr1ezd,58.867443554260745,2.7035123329898416e-05
tdr1ezp,92.88055353241079,0.9940958006428688
tdr1g5g,35.87035688273853,0.00030836530248680015
tdr1g9r,64.79424617625638,8.512843404272395e-05
tdr1gcb,53.00436999271668,9.9952703923821e-06
tdr1gq3,7.119446467589221,2.1174199335747772e-05
tdr1gsd,54.71595047341587,3.354963880758601e-05
tdr1gse,63.74726875455208,0.0001310758389090955
tdr1gsu,70.40240349599416,0.00010368775975015077
tdr1gsv,51.456664238892934,1.686261925506819e-05
tdr1gsx,50.78295702840495,1.3205644246651237e-05
tdr1gup,39.73051711580481,3.320625401283174e-05
tdr1gur,53.05899490167516,2.6890477237952988e-05
tdr1hjr,32.19227967953387,7.546664219024594e-05
tdr1hjx,25.491624180626367,5.829561667111857e-05
tdr1hrn,30.18936635105608,0.0003512665420088348
tdr1hrx,47.013838310269485,3.853946922525986e-05
tdr1hxc,54.46103423160962,0.0002214348278318997
tdr1jsd,25.036416605972324,4.59272529824976e-05
tdr1jxq,49.63583394027676,3.4040987967925887e-05
tdr1jxz,61.54406409322652,4.0735161794409185e-05
tdr1k84,34.10415149308085,5.520264140103659e-05
tdr1k8d,23.652585579024034,1.58407745656761e-05
tdr1k9m,23.488710852148582,9.512788848910043e-05
tdr1kfn,46.74071376547706,5.460963715194951e-06
tdr1kfp,49.32629278951202,3.392218320286248e-05
tdr1kfq,51.711580480699205,5.979753968020789e-05
tdr1kfr,52.84049526584123,4.8526106318031184e-05
tdr1kfx,53.44136926438456,8.977983909278189e-05
tdr1kmc,60.9340859431901,0.0016936730181010015
tdr1kt2,61.14348142753096,0.00021918320303373177
tdr1kte,71.06700655498908,0.0023150122870270544
tdr1kwn,89.89439184268026,0.23623360868169394
tdr1kwr,90.38601602330662,0.3157057150258481
tdr1kxb,43.13546977421704,0.0019055473687982563
tdr1m55,21.04879825200291,4.021108912792652e-05
tdr1m57,32.95702840495266,9.827840566428334e-05
tdr1m8p,53.27749453750911,1.3380378613583499e-05
tdr1m9p,23.142753095411507,1.6832111852701286e-05
tdr1mb0,50.68281136198106,5.861372389863724e-06
tdr1mc3,3.5142024763292063,3.076710382551193e-05
tdr1mg1,36.01602330662782,1.84083048036654e-05
tdr1mg3,34.796067006554985,9.032210923752835e-06
tdr1mg6,36.10706482155863,3.408361011419595e-05
tdr1mjx,34.304442825928625,5.0304210616841606e-05
tdr1mnq,59.48652585579024,0.00023583464444659896
tdr1mnr,50.34595775673707,6.210303087434296e-05
tdr1mny,47.57829570284049,3.62253390212611e-05
tdr1mpp,67.45265841223598,2.9260941622299184e-05
tdr1mpr,78.04078659868901,0.002936530009269418
tdr1mpx,78.71449380917699,0.008292548346459386
tdr1mq6,15.112891478514204,2.1430731146012108e-05
tdr1mqr,48.59796067006555,1.9436793423672227e-05
tdr1mr6,46.30371449380918,2.970730321892189e-05
tdr1mr7,45.59359067734887,5.002007750138873e-06
tdr1mrd,65.91405680990532,0.0006694853779047945
tdr1mry,17.680262199563003,1.27331433449812e-05
tdr1ms2,52.38528769118717,3.521533632521943e-05
tdr1mst,26.474872541879098,6.10161782574293e-05
tdr1msw,13.7836853605244,9.632744027036157e-06
tdr1mt0,42.22505462490896,7.754470459004787e-05
tdr1mt2,34.37727603787327,0.00011230493451373853
tdr1mte,34.2680262199563,4.910538114641837e-05
tdr1mts,42.86234522942462,0.00013492834004238374
tdr1mvd,72.12308812818645,0.0006043102737090144
tdr1mve,72.63292061179898,0.0001027106975180508
tdr1mvf,69.90167516387473,3.5261544747061214e-05
tdr1mvg,65.69555717407137,3.0470279296156116e-05
tdr1mvu,62.4544792425346,3.464124609984203e-05
tdr1mw3,58.621631463947566,4.641536908085807e-05
tdr1mw8,67.9169701383831,0.00029528030621328154
tdr1mwb,67.17042971595048,3.395358580409937e-05
tdr1mx0,65.18572469045884,0.00010970241303855647
tdr1mx2,50.68281136198106,8.017625229974605e-05
tdr1mxq,84.95994173343044,0.693283870413028
tdr1mxr,87.14493809176986,0.5932154740452221
tdr1myv,59.013109978150034,1.4105907134099868e-05
tdr1myy,56.418426802621994,1.14811557244135e-05
tdr1myz,61.234522942461766,4.103436598033539e-05
tdr1mz2,80.51711580480699,0.19275544680429613
tdr1mz8,89.18426802621995,0.43273829351847615
tdr1ncd,88.82010196649672,0.6850623407461569
tdr1nce,86.47123088128187,0.671388112256197
tdr1ncf,87.23597960670065,0.011420238237653044
tdr1ncg,77.20320466132556,2.967955923407154e-05
tdr1ncs,79.78878368536051,5.0530430632266844e-05
tdr1nct,76.34741442097597,5.2708680161100406e-05
tdr1ncu,79.87982520029134,5.943619355402495e-05
tdr1ncv,78.5142024763292,6.77376330878663e-05
tdr1ncw,70.08375819373634,3.7764454833466435e-05
tdr1ncx,65.40422432629279,0.00014790887792723152
tdr1nf4,97.23233794610341,0.9985233894861941
tdr1npy,4.879825200291333,2.1280917848845284e-05
tdr1nzv,59.14056809905317,0.0001275973698417201
tdr1nzy,60.84304442825928,0.0009285815794732938
tdr1p5k,58.30298616168973,6.449464086591411e-05
tdr1p8s,77.36707938820102,0.0009376070828607811
tdr1p96,84.34085943190095,0.004954829104706054
tdr1p97,75.69191551347414,0.0002814651447932842
tdr1p9d,85.16023306627822,0.03661047701310919
tdr1php,59.10415149308085,7.25590666263845e-05
tdr1pk1,69.31900946831755,9.331683047454768e-05
tdr1pk3,78.44136926438456,0.028606536678942685
tdr1pnc,50.43699927166788,5.693012726260112e-06
tdr1pnu,70.53896576839038,0.0004998667476453499
tdr1pp1,64.85797523670794,0.0005551613839423459
tdr1pp4,68.00801165331391,0.0013714206965698163
tdr1pp5,61.99927166788055,9.119528488313584e-06
tdr1pry,42.680262199563,8.352149395612403e-05
tdr1q0n,1.1471230881281864,5.075028253720638e-06
tdr1qbe,42.37072104879825,7.986495748969432e-05
tdr1qbg,38.47414420975965,5.788626434692454e-05
tdr1qbh,57.75673707210488,5.160987835993657e-05
tdr1qbj,61.58048069919884,8.381406638023386e-05
tdr1qc2,70.97596504005827,0.0012521591397019948
tdr1qc3,57.356154406409324,6.168123395140119e-05
tdr1qc8,70.81209031318281,0.0022154240756740106
tdr1qc9,68.55426074289876,0.0020740378026459245
tdr1qcb,73.72541879096867,0.0012242304372943845
tdr1qdr,62.682083029861616,6.907262686133735e-05
tdr1qdv,83.3211944646759,0.006332277510804399
tdr1qdw,76.96649672250547,0.00012836396912990585
tdr1qdx,85.56081573197378,0.037805291328887033
tdr1qdy,94.11871813546978,0.8414559049006941
tdr1qeg,35.77931536780772,4.873145611652133e-05
tdr1qej,78.38674435542607,0.0002118532284748041
tdr1qeq,62.49089584850692,0.000311849828723686
tdr1qes,69.08230152949744,0.00011861540017725611
tdr1qeu,34.705025491624184,1.0743824702617717e-05
tdr1qf0,61.03423160961399,0.00010925340176528972
tdr1qmx,95.0109249817917,0.9745388172457342
tdr1qmz,84.19519300801164,0.006557700593707628
tdr1qnb,58.39402767662054,1.1351335957615269e-05
tdr1qnc,48.925710123816465,5.314643712180505e-06
tdr1qpn,4.497450837581937,4.800940597715322e-05
tdr1qqm,68.68171886380189,0.0006453365350465282
tdr1qqq,76.78441369264385,0.0064748288858956895
tdr1qqt,64.49380917698471,2.565399540931198e-05
tdr1qqv,55.08011653313911,4.739598794274356e-06
tdr1qrf,68.7727603787327,9.199271947313024e-05
tdr1qs5,36.43481427530954,3.626081929893419e-05
tdr1qsc,34.013109978150034,1.3259078037761503e-05
tdr1qt2,80.44428259286235,0.0011361402713163645
tdr1qt8,85.41514930808448,0.02949803614345478
tdr1qt9,83.44865258557903,0.002284114753244758
tdr1qtd,65.36780772032047,2.663661373898056e-05
tdr1qtq,9.304442825928623,6.802406560805719e-05
tdr1qv1,21.613255644573925,0.0001310115383978461
tdr1qwd,70.5753823743627,6.9174916343927575e-06
tdr1qwe,67.95338674435543,1.3533229790121629e-05
tdr1qwq,77.87691187181355,0.00023321509422207835
tdr1qws,76.3292061179898,4.215627580849432e-05
tdr1qwt,78.8055353241078,0.0012143565389113877
tdr1qww,77.03932993445011,0.00017803296236247634
tdr1qwy,74.83612527312454,0.00016014481151542311
tdr1qx4,60.81573197378004,3.414911822381383e-05
tdr1qxq,21.522214129643118,1.3937176543399652e-05
tdr1qy5,29.20611798980335,2.2397596864805246e-05
tdr1qy7,40.91405680990532,0.000443944011811451
tdr1qyd,27.47632920611799,1.540551177041322e-05
tdr1qye,32.15586307356154,1.4592501134182283e-05
tdr1qzg,16.332847778587038,1.9765054729051845e-05
tdr1r5k,48.57975236707939,0.0019203722103321554
tdr1re3,63.63801893663511,5.71908040193264e-05
tdr1re9,64.8761835396941,2.657886312854817e-05
tdr1rhw,35.99781500364166,8.035060353101317e-05
tdr1rn8,29.169701383831026,5.566848734770157e-06
tdr1rp2,39.038601602330665,1.708421930031278e-05
tdr1rp8,42.0611798980335,1.554241977730719e-05
tdr1rrr,66.87909686817189,7.421395647392152e-05
tdr1rrv,48.561544064093226,9.810478568841696e-06
tdr1rrw,76.91187181354697,0.0003794407563822896
tdr1rrx,69.02767662053897,8.75072814439663e-05
tdr1rs1,69.84705025491624,0.00010561584059728154
tdr1rs3,60.906773488710854,2.160850347215465e-05
tdr1rs9,60.36052439912601,4.3093254592500955e-06
tdr1rwg,54.09686817188638,2.616050151701781e-05
tdr1rwt,53.80553532410779,2.2569609339090893e-05
tdr1rww,45.010924981791696,1.906219114585689e-05
tdr1rx2,67.47997086671522,8.085358638535022e-05
tdr1ry1,35.815731973780046,8.859097894266852e-05
tdr1ry2,29.44282592862345,3.678729489671936e-05
tdr1s5e,67.00655498907501,8.939329866244677e-05
tdr1s5g,57.92061179898034,1.4189888830039254e-05
tdr1s6s,47.47815003641661,2.436183252229029e-05
tdr1s6u,46.94100509832484,1.221968883317535e-05
tdr1s76,22.17771303714494,5.4694147904368943e-05
tdr1s9n,65.6318281136198,4.190239995197991e-05
tdr1s9q,57.738528769118716,6.110381444842771e-05
tdr1sg7,25.655498907501823,0.0002679484801564179
tdr1shh,69.37363437727603,0.0005143310716736725
tdr1shm,60.52439912600146,0.0006190908267494455
tdr1shw,72.28696285506192,0.0016275271049267686
tdr1sj6,89.25710123816461,0.06496542818157879
tdr1sj9,92.11580480699199,0.0913136246403965
tdr1sm4,88.25564457392571,0.01450107741157885
tdr1sm5,88.72906045156591,0.021857567962091953
tdr1smw,95.35688273852877,0.9990096487468155
tdr1smz,98.61616897305171,0.9986543170265667
tdr1spm,74.34450109249818,0.0018959186844100945
tdr1spq,71.17625637290604,0.0001599907690647312
tdr1spr,71.2490895848507,0.0003355194983923757
tdr1srd,15.222141296431172,0.0003697932010855616
tdr1sw0,95.66642388929351,0.9923925116394595
tdr1sw1,91.13255644573925,0.13389294085090322
tdr1swe,94.50109249817918,0.9911889643411597
tdr1syc,77.6584122359796,0.006863816679167682
tdr1sz4,76.17443554260743,0.012287321118138576
tdr1szm,55.11653313911143,5.625437062767367e-05
tdr1szr,73.52512745812089,0.0021957290375301027
tdr1szv,58.70356882738529,0.00019333668876160543
tdr1t2b,13.601602330662782,5.8905092375706435e-05
tdr1t2h,29.187909686817186,2.144387839774401e-05
tdr1t2k,27.658412235979608,2.1367713609798376e-05
tdr1t2w,47.94246176256373,2.7712846357613264e-05
tdr1t3k,77.00291332847779,0.003132240794015499
tdr1t3n,67.2068463219228,6.784106900277019e-05
tdr1t3p,78.62345229424618,0.00010489613557493226
tdr1t3s,77.34887108521485,0.0023983909341784918
tdr1t3t,80.42607428987618,0.00045867718639410653
tdr1t3u,78.91478514202477,0.003912305378223838
tdr1t3w,66.13255644573925,2.7473829849479938e-05
tdr1t3x,65.2585579024035,1.836530921874018e-05
tdr1t3y,66.0233066278223,3.2527711009593394e-05
tdr1t5d,61.05243991260014,1.7501571780596348e-05
tdr1t5f,60.70648215586307,4.558932050727635e-05
tdr1t5v,78.56882738528769,0.00012599239460760618
tdr1t5w,44.683175528040785,1.8273122723149283e-05
tdr1t5x,47.68754552075746,0.0001224961321943998
tdr1t6n,56.80080116533139,4.4401412807749014e-05
tdr1t6q,53.29570284049526,1.3975917917766701e-05
tdr1t71,41.78805535324108,6.100145976931797e-06
tdr1t73,40.78659868900218,1.1227584728685882e-05
tdr1t76,43.40859431900947,1.3452149273213296e-05
tdr1t77,18.754552075746542,9.91235106248587e-06
tdr1t79,44.88346686088857,3.9548178570010864e-05
tdr1t7k,19.009468317552805,1.665219165099559e-05
tdr1t7p,72.76037873270211,0.00012977578049380955
tdr1t7q,76.8572469045885,0.00041971771904253933
tdr1t7r,73.81646030589948,0.0001337019290633461
tdr1t7w,72.25054624908958,0.0001947504970728184
tdr1t7x,74.12600145666424,4.457785518999612e-05
tdr1t7z,62.3088128186453,6.095922926419678e-05
tdr1t82,59.15877640203932,0.00013939746019347307
tdr1t8b,84.26802621995631,0.19167776856002638
tdr1t90,95.2476329206118,0.9959206227216671
tdr1t92,85.81573197378005,0.6178755961957345
tdr1t98,74.89075018208304,1.0659126256673323e-05
tdr1tb5,22.669337217771304,0.0002592338070824064
tdr1tc2,73.08812818645303,0.026638445010088115
tdr1tcy,61.70793882010197,3.8779365671182844e-05
tdr1tcz,58.903860160233066,3.2435596160517264e-05
tdr1td0,60.61544064093226,3.2858407870837923e-05
tdr1tdj,29.552075746540424,3.605502861922924e-05
tdr1tem,21.44938091769847,4.513791767558819e-05
tdr1tfg,80.68099053168245,0.0012007273414835254
tdr1tfp,58.466860888565186,1.6256391989607303e-05
tdr1tfz,90.76839038601602,0.04043661111356623
tdr1tg5,80.17115804806993,0.02228994295263479
tdr1tgn,90.07647487254188,0.0711929260446371
tdr1tgp,86.19810633648945,0.0283105697071171
tdr1th4,60.96139839766934,0.0002690428931462552
tdr1th5,62.18135469774217,0.00030579325241570916
tdr1thj,81.84632192279679,0.003190683344959853
tdr1thm,87.60014566642388,0.141503286178931
tdr1thn,85.92498179169702,0.13063491524146495
tdr1thq,80.37144938091771,0.0018624770964618495
tdr1thr,74.41733430444283,7.425542512505304e-05
tdr1tht,84.04952658412236,0.0052470166046712586
tdr1thu,77.45812090313183,0.0005325472320046554
tdr1thw,95.72104879825201,0.9958765829490575
tdr1tjn,14.038601602330663,6.490600993193856e-05
tdr1tm3,19.41005098324836,3.717289849643157e-05
tdr1tm5,40.386016023306624,4.241656431783866e-05
tdr1tmc,36.4530225782957,5.2304213664135876e-05
tdr1tmh,38.45593590677348,3.882924151445261e-05
tdr1tnf,63.82010196649672,0.0006952308668996248
tdr1tng,68.82738528769119,0.00024579067822726554
tdr1tnn,16.715222141296433,1.1432250006696984e-05
tdr1tnr,48.634377276037874,0.0001751674835678888
tdr1tnu,54.29715950473416,4.919760676257073e-05
tdr1tny,54.22432629278951,6.306698070529275e-05
tdr1tpm,42.753095411507644,0.0006818326021596629
tdr1tpq,51.78441369264385,0.00030517166205515107
tdr1tpr,97.42352512745812,0.8705090995936252
tdr1tq7,52.931536780772035,2.5967838644174228e-05
tdr1tq8,39.60305899490167,1.2776308620901886e-05
tdr1tq9,87.18135469774218,0.05970807492212474
tdr1tqd,63.18281136198106,4.339536079140129e-05
tdr1tqf,89.14785142024763,0.38644360949827644
tdr1tqk,59.55935906773489,5.1203816860416044e-05
tdr1tqm,55.73561544064093,6.519148239705646e-05
tdr1tqn,65.24034959941733,3.559782101518415e-05
tdr1tqp,75.43699927166789,0.0003316830956344
tdr1tqq,49.05316824471959,6.84077523532683e-05
tdr1tqr,67.69847050254916,7.200718481845071e-05
tdr1tqs,69.99271667880554,7.540810179083357e-05
tdr1tqu,55.86307356154406,6.721522496502694e-06
tdr1tqv,71.83175528040786,0.0007221673699434668
tdr1tr0,95.22942461762564,0.9286064707293105
tdr1tr1,93.88201019664967,0.9703533804031579
tdr1tr3,96.44938091769846,0.9996068836430897
tdr1tr4,95.99417334304444,0.9992240811492781
tdr1tr5,77.69482884195193,2.5770177106094312e-05
tdr1tr6,95.73925710123817,0.9986526337459724
tdr1tr7,90.67734887108521,0.9603300018065889
tdr1tr9,97.59650400582666,0.9990938353134287
tdr1trc,94.28259286234523,0.9997066190085769
tdr1trd,90.00364166059724,0.9443929020478343
tdr1trf,99.10779315367807,0.9998810767115854
tdr1trg,89.98543335761107,0.9989587351764694
tdr1trq,61.92643845593591,0.001354533962366198
tdr1tru,92.5892206846322,0.9906917653109223
tdr1trv,93.51784413692644,0.9764560704628663
tdr1trw,76.69337217771303,0.005937499495791469
tdr1trx,84.01310997815004,0.5410385354266055
tdr1try,93.84559359067734,0.8787862171814498
tdr1trz,92.93517844136926,0.9720628320802864
tdr1ts9,55.64457392571013,0.00020957656346084537
tdr1tsc,52.31245447924253,1.9575692845058508e-05
tdr1tsg,30.26219956300073,2.3030576487818645e-05
tdr1tsq,55.97232337946103,8.615422514407286e-05
tdr1tsw,53.241077931536786,8.92432480207161e-06
tdr1tsx,53.31391114348143,1.963938392571012e-05
tdr1tsy,55.82665695557174,7.648149945456472e-05
tdr1tte,46.68608885651857,8.525295049712906e-05
tdr1ttg,46.84996358339403,2.9999019266488065e-05
tdr1tu2,48.74362709395484,1.939024818891219e-05
tdr1tu8,49.36270939548434,5.687823430535842e-06
tdr1tv2,42.07938820101966,1.4857997156585915e-05
tdr1tv3,31.48215586307356,5.358595830390605e-06
tdr1tvq,22.141296431172613,1.96304418736048e-05
tdr1tvx,31.02694828841952,4.6575741596231995e-05
tdr1tvz,33.84923525127458,4.5591041497248845e-05
tdr1tw2,64.79424617625638,0.0004294168653404753
tdr1tw5,45.13838310269483,3.7331797265785595e-05
tdr1tw7,41.22359796067007,4.17032651280448e-05
tdr1tw8,84.17698470502549,0.047071142546920956
tdr1twb,72.70575382374362,0.0013228451117404366
tdr1twh,50.07283321194465,3.022239516511852e-05
tdr1twk,48.50691915513474,2.8116597984383158e-05
tdr1twm,41.096139839766934,7.302460696760513e-05
tdr1twv,29.788783685360524,4.163990522012011e-05
tdr1tx0,72.06846321922797,0.0005047179332137745
tdr1tx3,65.56809905316825,9.853124852903051e-05
tdr1tx8,61.289147851420246,0.0016766899771451555
tdr1tx9,62.472687545520756,0.0006990432549777388
tdr1txd,61.78077203204661,0.00045841699570052454
tdr1txg,43.62709395484341,4.504998562310777e-05
tdr1txx,74.03495994173343,4.10616098233212e-05
tdr1tz7,74.07137654770575,0.000168203552797183
tdr1tz8,73.94391842680263,1.2659530524917935e-05
tdr1tz9,73.34304442825929,5.43824271573598e-05
tdr1tzc,73.9985433357611,3.076991879074739e-05
tdr1tzd,74.7632920611799,2.039484878790127e-05
tdr1tzg,77.94974508375819,0.0010306843513695242
tdr1u27,74.45375091041515,0.0001929969905402825
tdr1u2e,82.22869628550619,0.0007207040113217187
tdr1u2j,82.46540422432629,0.00010404098978301947
tdr1u2k,93.11726147123089,0.8894427841960354
tdr1u2m,93.04442825928624,0.981198400634892
tdr1u2n,82.72032046613256,0.0002218681883995757
tdr1u2p,81.42753095411508,4.0095048273263894e-05
tdr1u2s,81.57319737800437,0.005848727878643465
tdr1u2u,79.07865986890022,0.004082292431260075
tdr1u2v,92.22505462490895,0.8136551921574088
tdr1u3h,84.5047341587764,0.9558016205568534
tdr1u3k,79.20611798980335,0.000914277517066385
tdr1u3m,69.10961398397669,4.1741605115158216e-05
tdr1u3t,70.44792425345958,0.0017552102972718058
tdr1u3w,80.31682447195921,0.3193881705331628
tdr1u3z,73.17916970138383,0.0011744534788779178
tdr1u5w,18.809176984705026,7.450579088203848e-06
tdr1u60,23.47050254916242,1.641863451731472e-05
tdr1u61,28.696285506190822,8.211638412470791e-05
tdr1u80,59.796067006554985,5.88563486371178e-05
tdr1u81,56.245447924253455,4.0138003744292454e-05
tdr1u88,47.050254916241805,0.00010212866322538215
tdr1u89,37.39985433357611,5.1637103656863536e-05
tdr1u8d,38.51056081573198,2.825915489217891e-05
tdr1u8f,46.194464675892206,3.159997521226518e-05
tdr1u8j,66.46030589949017,0.00013208649133910176
tdr1u8m,42.2068463219228,1.773873577511803e-05
tdr1u8n,66.09613983976693,7.071646209559113e-05
tdr1u8p,95.26584122359796,0.3761740246654053
tdr1u8s,31.336489439184266,1.1821201908990557e-05
tdr1u95,56.51857246904588,1.5688306873472606e-05
tdr1u97,57.53823743627095,6.370836696618568e-05
tdr1u9f,86.65331391114348,0.030539365705074442
tdr1u9g,86.38018936635106,0.017588857652213536
tdr1u9s,96.41296431172614,0.9992315498373899
tdr1u9u,83.94027676620539,0.7034983711551401
tdr1u9v,88.98397669337218,0.9283578172775607
tdr1u9w,84.122359796067,0.01895776475233824
tdr1u9x,81.51857246904588,0.0005468110261940893
tdr1u9y,84.92352512745812,0.02152112064886858
tdr1u9z,83.26656955571741,0.0008371164579879016
tdr1ub0,81.59140568099053,0.00025894352679673094
tdr1ub1,92.86234522942462,0.8300122518840625
tdr1ub4,94.79242534595775,0.9958259450081159
tdr1ud4,89.51201747997086,0.9879713488540497
tdr1ud6,85.50619082301529,0.09417056096890611
tdr1ud7,65.79570284049527,2.4904723402226828e-05
tdr1ud8,66.49672250546249,0.00040763722800927045
tdr1ud9,72.68754552075747,3.6400593776818055e-05
tdr1udd,80.7538237436271,0.0006231755414210237
tdr1udh,85.88856518572469,0.036396361902990754
tdr1udm,47.32337946103423,0.00044037109985666537
tdr1udp,93.57246904588492,0.9083566012725122
tdr1udt,39.29351784413693,0.0008275760407474769
tdr1udv,73.23379461034231,0.0010781205237154286
tdr1uej,78.64166059723235,0.0016531957019213157
tdr1uem,79.15149308084487,0.007936608063202823
tdr1uet,75.56445739257101,0.002696057707111243
tdr1ueu,70.70284049526585,0.00010635321663997404
tdr1uev,84.75965040058267,0.19973518064814047
tdr1uf1,33.63073561544064,1.457042285758808e-05
tdr1uf4,73.83466860888565,3.14574289084717e-05
tdr1uf5,83.53969410050983,0.15224201881312793
tdr1uf8,55.025491624180624,2.994641380244952e-05
tdr1ufb,69.22796795338675,5.876784775755014e-05
tdr1ufc,71.15804806991989,0.0004027742039681385
tdr1uff,93.918426802622,0.9838369529889428
tdr1ufh,82.04661325564457,0.0001730691631774805
tdr1ufj,80.06190823015295,9.191719767998799e-05
tdr1ufn,81.93736343772761,0.2769839959013427
tdr1ufp,78.02257829570284,0.0005341566216998348
tdr1ug5,70.83029861616897,1.7422545903785118e-05
tdr1ug9,81.70975965040058,0.004307737571854725
tdr1ugb,69.61034231609614,0.0002565058138401875
tdr1ugc,81.24544792425345,0.004207937114147697
tdr1ugf,68.17188638018936,0.00026123321455409285
tdr1ugh,66.27822286962855,0.0008975722714801228
tdr1ugm,71.8681718863802,3.447630050261801e-05
tdr1ugr,53.86016023306628,6.525215182600375e-05
tdr1ugt,50.491624180626374,3.803870238954389e-05
tdr1ugv,40.84122359796067,6.305925857936725e-06
tdr1uh0,45.21121631463947,0.00010335806596703713
tdr1ukh,83.87654770575382,0.2253888091337701
tdr1ukk,88.09176984705024,0.6659649582643559
tdr1ukm,85.30589949016752,0.045967346571516854
tdr1ukt,78.60524399126001,0.00014839383710663905
tdr1ukv,77.14857975236707,0.00014992424212201746
tdr1umj,76.03787327021122,0.007678723010395919
tdr1umq,40.7319737800437,1.001247782591996e-05
tdr1un7,76.82083029861617,0.15427678066978706
tdr1uns,78.25928623452295,0.42699597434450554
tdr1unu,89.85797523670794,0.986715518475732
tdr1uph,86.78077203204661,0.9685336879019256
tdr1upt,97.85142024763293,0.9954561829127562
tdr1upv,99.16241806263656,0.9991685203920794
tdr1uqp,65.76839038601602,6.531734874965441e-06
tdr1uqr,69.17334304442826,0.00015351161093973893
tdr1uqx,79.33357611070649,0.0016740516889135366
tdr1usj,66.05972323379461,2.9168456420287587e-05
tdr1usm,91.3510560815732,0.9814588168607652
tdr1usn,75.83758193736344,0.001425173023032956
tdr1usp,72.35979606700656,8.870293191801188e-05
tdr1usq,98.30662782228697,0.9972301384288659
tdr1usr,61.90823015294975,3.7819117400343744e-05
tdr1usw,98.01529497450836,0.99959505993649
tdr1usx,81.15440640932266,5.9252811068158234e-05
tdr1usy,98.65258557902403,0.9977621889840371
tdr1utx,76.89366351056081,0.0017614025480929933
tdr1uty,91.58776402039331,0.07476402164481222
tdr1uu1,79.1332847778587,0.009659896478675822
tdr1uu3,68.22651128914785,3.6602695112134735e-05
tdr1uu4,69.46467589220686,5.5995293052653e-05
tdr1uu6,67.64384559359068,2.3403274933709543e-05
tdr1uu8,70.52075746540423,0.0011122813779356378
tdr1uu9,70.1019664967225,0.0002855737833485326
tdr1uub,82.81136198106337,0.04762256224583459
tdr1uuc,69.48288419519301,0.0004381347001892275
tdr1uud,50.8557902403496,7.55723083571989e-05
tdr1uug,58.02986161689731,0.00017754171130690785
tdr1uuj,43.445010924981794,7.666687568374666e-06
tdr1uum,36.47123088128186,3.763843396746562e-05
tdr1uus,42.00655498907502,8.902875738389269e-05
tdr1uv0,88.18281136198107,0.02216587556938548
tdr1uv1,86.3073561544064,0.012055003161073585
tdr1uv2,92.27967953386744,0.20462164694412724
tdr1uv3,81.33648943918426,0.0014626974607845188
tdr1uv5,37.25418790968681,1.4300190679647267e-05
tdr1uv8,90.91405680990532,0.6935431276793994
tdr1uv9,91.07793153678078,0.9966326829768422
tdr1uvh,34.340859431900945,2.0709993645114253e-05
tdr1uvk,36.744355426074286,2.2245090130701935e-05
tdr1uvz,60.979606700655495,0.0001702936302803355
tdr1uw1,75.0,8.555739166992563e-05
tdr1uw2,71.97742170429716,8.256689964073912e-05
tdr1uw3,73.6707938820102,4.2900156052315566e-05
tdr1uw4,79.64311726147123,8.50929609203198e-05
tdr1uw5,95.02913328477786,0.9862411537102784
tdr1uwh,88.9293517844137,0.4517284974612116
tdr1uwj,91.26001456664238,0.9979923785183962
tdr1uwm,89.38455935906774,0.9542319051032925
tdr1uwn,97.94246176256372,0.9994027882550924
tdr1uwp,89.78514202476329,0.5204150265409843
tdr1uwq,89.31172614712308,0.9877990243017024
tdr1uwt,86.4530225782957,0.251650959683802
tdr1uww,88.32847778587035,0.9109899266804022
tdr1uwy,89.12964311726147,0.7785189570071361
tdr1uxj,88.5469774217043,0.222113332797323
tdr1uxm,79.49745083758194,0.001898975958424135
tdr1uxn,77.13037144938092,0.019316435666454877
tdr1uxq,77.39439184268026,0.0019350029242936693
tdr1uxt,89.69410050983248,0.36933177806766837
tdr1uxv,93.62709395484342,0.992376649718691
tdr1uy0,81.20903131828113,0.14274625522102483
tdr1uy2,79.60670065549891,0.001757098598912529
tdr1uy6,71.95921340131099,1.5901980705789183e-05
tdr1uy8,82.52002913328478,0.005975604066452342
tdr1uyh,30.335032774945375,1.1639123744697526e-05
tdr1uyj,61.689730517115805,9.408278235390294e-06
tdr1uz0,65.29497450837583,1.6989161407579125e-05
tdr1uz2,61.50764748725419,0.00012061401516253974
tdr1uz3,55.20757465404225,6.090507463841247e-05
tdr1uz9,97.76037873270211,0.9855680430530496
tdr1uzc,92.4435542607429,0.785708075496191
tdr1v0e,57.95702840495266,0.00011666359385855297
tdr1v0g,67.0611798980335,0.00027994347056778954
tdr1v0p,99.5265841223598,0.9999195724316431
tdr1v0r,98.36125273124546,0.9997752590087762
tdr1v0s,61.63510560815732,0.00012410992245299036
tdr1v0u,65.54989075018209,0.00021509011831219788
tdr1v0x,98.0517115804807,0.9997589740548585
tdr1v0z,99.41733430444283,0.9995039334937277
tdr1v1f,39.56664238892935,6.191163339429978e-05
tdr1v1r,82.84777858703569,0.2090888142532443
tdr1v1v,99.27166788055352,0.9995791070288028
tdr1v1z,93.09905316824472,0.8902489971706354
tdr1v20,89.42097596504006,0.9780631377934802
tdr1v21,91.2053896576839,0.9889448089781908
tdr1v22,89.23889293517844,0.9888098339213667
tdr1v24,91.73343044428259,0.9952023387942526
tdr1v25,95.19300801165332,0.993360729350071
tdr1v26,88.49235251274581,0.8881883562058963
tdr1v28,96.52221412964312,0.9995054795960396
tdr1v2b,97.21412964311726,0.9994231494728105
tdr1v2c,89.05680990531683,0.5512729033154457
tdr1v2d,78.4231609613984,0.01410082160493289
tdr1v2e,79.24253459577567,0.028947820961577223
tdr1v2f,75.91041514930808,0.037563342634102194
tdr1v2g,75.21849963583394,0.004585271584667465
tdr1v2h,83.41223597960669,0.6075076594204268
tdr1v2j,93.19009468317553,0.9876738585270539
tdr1v2m,87.25418790968682,0.17092742796549834
tdr1v2n,86.03423160961398,0.005940321556009741
tdr1v2p,86.61689730517116,0.03517597472183441
tdr1v2q,89.09322651128915,0.23378284376068012
tdr1v2r,89.62126729788784,0.8179814522740346
tdr1v2u,60.72469045884924,0.000277447833660081
tdr1v2v,41.2053896576839,0.00029333914076505715
tdr1v2x,75.7647487254188,0.0022777513576560655
tdr1v30,92.09759650400584,0.9874649993260196
tdr1v31,91.24180626365622,0.9934388988377555
tdr1v33,88.80189366351055,0.9682079830848829
tdr1v39,90.82301529497451,0.8704646328405634
tdr1v3b,94.22796795338675,0.9893605542708498
tdr1v3c,91.18718135469774,0.987455827756114
tdr1v3d,88.96576839038602,0.9407367076524601
tdr1v3e,88.47414420975966,0.6132870991570594
tdr1v3f,91.98834668608885,0.9954576743563446
tdr1v3g,95.41150764748726,0.9968851152135985
tdr1v3k,91.15076474872542,0.7500768604203502
tdr1v3p,43.17188638018937,0.00039543538133261335
tdr1v3s,91.36926438455936,0.9514143000819937
tdr1v3t,77.54916241806264,0.0016524087381531785
tdr1v3u,92.84413692643845,0.9965755845344303
tdr1v3v,93.37217771303715,0.9969262401161295
tdr1v3y,68.88201019664967,0.00014236971403924778
tdr1v4b,26.511289147851418,1.99199651614414e-05
tdr1v4j,90.98689002184996,0.8879565295060325
tdr1v4m,96.61325564457393,0.97849329629513
tdr1v4r,96.97742170429716,0.9992906464495087
tdr1v4t,96.92279679533867,0.9986613581659507
tdr1v4v,98.81646030589948,0.9992381055442872
tdr1v4w,95.92134013109978,0.9991891489778117
tdr1v4x,96.95921340131099,0.9982567442002701
tdr1v4y,97.48725418790968,0.9967969646582716
tdr1v4z,97.77858703568828,0.9995204430242224
tdr1v52,55.498907501820824,8.147478378895381e-05
tdr1v5n,80.18936635105608,0.03606433898874193
tdr1v5p,97.15950473415877,0.999436135920867
tdr1v5y,54.898033503277496,0.00036447062915946887
tdr1v60,97.56008739985434,0.9970462504123895
tdr1v61,93.99126001456665,0.9919715776033177
tdr1v62,97.17771303714494,0.9963418172864733
tdr1v63,92.18863801893663,0.996702888165068
tdr1v64,93.97305171158048,0.9897532648292923
tdr1v65,95.50254916241806,0.995582568908185
tdr1v66,94.59213401310997,0.995326822663554
tdr1v67,98.63437727603788,0.9957439233466486
tdr1v68,90.71376547705754,0.9836760418358762
tdr1v69,93.13546977421704,0.9966585799913527
tdr1v6b,93.26292789512017,0.9932954358630055
tdr1v6c,93.49963583394027,0.995299123311382
tdr1v6d,92.2068463219228,0.9926374135009509
tdr1v6e,90.47705753823743,0.9928872402518589
tdr1v6f,90.65914056809905,0.8489545690522556
tdr1v6g,87.92789512017481,0.9014373742333878
tdr1v6h,97.70575382374362,0.9967988731959044
tdr1v6j,96.90458849235252,0.9994861553152286
tdr1v6k,98.72541879096867,0.9980102435795057
tdr1v6n,86.28914785142024,0.7533108908349476
tdr1v6q,75.3823743627094,0.0012822644950953018
tdr1v6s,96.75892206846322,0.9985828823578281
tdr1v6t,85.66096139839767,0.25866156378782296
tdr1v6u,90.2585579024035,0.666779401226721
tdr1v6v,96.35833940276765,0.9988131844970197
tdr1v70,95.84850691915513,0.9984655006753973
tdr1v71,97.8150036416606,0.9997457563707701
tdr1v72,93.90021849963584,0.9488197114217448
tdr1v73,78.18645302257829,0.0213739647889983
tdr1v74,96.30371449380918,0.9971768181652739
tdr1v75,96.3401310997815,0.9962113380148123
tdr1v79,69.5375091041515,0.0007458724757259681
tdr1v7b,54.11507647487254,4.846084479541814e-06
tdr1v7d,60.196649672250544,6.48478210168397e-05
tdr1v7e,65.71376547705754,0.0005741574093985417
tdr1v82,87.70939548434086,0.08407006198874799
tdr1v89,69.41005098324837,0.00039000111460468496
tdr1v8b,55.62636562272396,0.0001637518612785339
tdr1v8d,65.09468317552805,6.40891542862269e-05
tdr1v8f,62.76402039329935,2.4012731755525877e-05
tdr1v8t,60.88856518572469,0.00021044329388699118
tdr1v8w,59.66860888565185,7.87753030484129e-05
tdr1v9h,30.935906773488707,2.8559301128462452e-05
tdr1v9m,43.080844865258555,2.167295049858206e-05
tdr1v9q,65.89584850691915,0.00037595471334132916
tdr1v9r,87.87327021121631,0.8917083630801608
tdr1v9w,58.06627822286963,2.3953445224079388e-05
tdr1vbd,46.70429715950473,5.675467820890219e-05
tdr1vbg,75.87399854333576,0.002656861151978982
tdr1vc2,77.96795338674436,0.0009279922080127716
tdr1vc3,87.10852148579752,0.0011984343120908759
tdr1vc4,86.10706482155864,0.7455462509056876
tdr1vcd,26.256372906045154,1.1922516951872113e-05
tdr1vcp,71.3401310997815,0.00020500404418400162
tdr1vcq,86.9810633648944,0.9726283341512527
tdr1vcr,87.16314639475601,0.9866122905233805
tdr1vcx,73.87108521485798,0.00019481603646968589
tdr1vcz,63.83831026948289,3.5103516989663007e-05
tdr1vd6,53.58703568827386,2.2659464714152594e-05
tdr1vd7,77.62199563000728,0.009647574367279617
tdr1vdc,38.09176984705026,2.5257605590284116e-05
tdr1vdk,73.68900218499635,0.0006533000117839011
tdr1vds,77.76766205389659,0.0009498405421969193
tdr1vdu,64.93080844865258,3.4525914414447074e-05
tdr1vdv,59.99635833940277,4.907577532061402e-05
tdr1ve1,41.64238892935179,4.4368793211779604e-05
tdr1ve4,37.436270939548436,2.851190894492674e-05
tdr1vef,6.5731973780043695,4.7401914530842205e-05
tdr1vej,59.28623452294246,2.796855578456967e-05
tdr1ven,51.58412235979607,2.025676240455402e-05
tdr1ver,39.020393299344505,2.8376362371779357e-05
tdr1vey,20.87581937363438,7.119570012746008e-06
tdr1vf4,25.546249089584848,1.4315552996959877e-05
tdr1vfh,36.87181354697742,0.00010487184067541456
tdr1vfj,26.96649672250546,2.210915294155373e-05
tdr1vfu,80.97232337946103,0.1317579726907031
tdr1vfv,80.29861616897304,0.12239094622787199
tdr1vfy,84.61398397669338,0.9144424644678121
tdr1vfz,86.92643845593591,0.24376780059407901
tdr1vg0,86.96285506190823,0.01909236100208912
tdr1vg1,82.9388201019665,0.00047319054565095526
tdr1vg3,84.4136926438456,0.0027795884770721747
tdr1vg5,80.20757465404225,0.07434209900170437
tdr1vg6,89.22068463219229,0.4887457749979565
tdr1vg7,86.67152221412965,0.8699344369314924
tdr1vgd,77.64020393299344,0.24431112682385925
tdr1vge,94.57392571012382,0.9912878681252915
tdr1vgg,86.01602330662782,0.9894418602643736
tdr1vgh,74.6176256372906,0.0012906849807955095
tdr1vgj,89.34814275309542,0.8503434026250966
tdr1vgk,93.64530225782957,0.9571009697105608
tdr1vgm,88.67443554260743,0.20815561404661972
tdr1vgn,93.71813546977423,0.9071960530483764
tdr1vgp,88.07356154406409,0.9776226093283111
tdr1vgq,83.84923525127458,0.011922901373931259
tdr1vgr,88.00072833211945,0.30172149965299666
tdr1vgs,85.08739985433358,0.35217231702548996
tdr1vgt,85.17844136926438,0.31436110900970743
tdr1vgu,93.93663510560816,0.9990223212388555
tdr1vgw,95.64821558630736,0.9992647179300475
tdr1vgx,94.33721777130371,0.984806203929972
tdr1vgy,84.57756737072106,0.25263173872654543
tdr1vgz,77.98616168973052,0.0010318078791609914
tdr1vhp,63.20101966496723,4.047392126062295e-05
tdr1vhq,66.40568099053168,4.3213167697085886e-06
tdr1vhr,71.44938091769846,7.94100250628539e-05
tdr1vhv,72.32337946103424,0.00020197855647475718
tdr1vhw,77.67662053896576,3.1813841904682134e-05
tdr1vhx,76.62053896576839,6.698579926117977e-05
tdr1vhy,71.52221412964312,3.531652632414829e-05
tdr1vhz,71.74981791697014,1.7290220313684582e-05
tdr1vj7,53.45957756737072,2.342278285377894e-05
tdr1vjg,58.539694100509834,0.0001270528989923096
tdr1vjj,68.918426802622,3.0978722093330124e-05
tdr1vjm,87.61835396941005,0.00538668550499926
tdr1vjq,74.70866715222141,0.00017416823650192556
tdr1vjr,50.10924981791697,1.2061414358682008e-05
tdr1vjt,76.63874726875454,0.00045771597490990566
tdr1vju,86.48943918426802,0.11027910816590554
tdr1vjv,76.65695557174071,0.000203279761296018
tdr1vjy,77.02112163146396,0.008503126757497297
tdr1vk0,67.18863801893663,0.00013752603716638877
tdr1vk3,45.9577567370721,1.71611915116926e-05
tdr1vk6,48.25200291332848,1.3109815384678551e-05
tdr1vk8,68.33576110706481,9.112888694946561e-06
tdr1vkb,68.46321922796795,1.4651747725460583e-05
tdr1vkh,50.29133284777859,1.4853229407687843e-05
tdr1vkk,49.59941733430444,8.981203564536527e-06
tdr1vkm,56.80080116533139,0.00018187818203967008
tdr1vm0,78.69628550619082,0.011227181389482298
tdr1vmz,58.68536052439912,6.0814590840389876e-05
tdr1vn5,72.8150036416606,0.00013461668116722568
tdr1vn7,87.36343772760378,0.520222505113577
tdr1vng,67.9715950473416,0.006755273942035939
tdr1vnh,91.40568099053168,0.9183610302982667
tdr1vnj,79.00582665695556,0.0006826086631996137
tdr1vnk,85.85214857975237,0.008228509288270474
tdr1vnm,83.77640203932994,0.000997398217586011
tdr1vnq,83.99490167516387,0.05002752240426706
tdr1vns,81.35469774217043,0.0005530198755940199
tdr1vnt,83.63073561544064,0.0008009579154435827
tdr1vnu,78.6598689002185,0.003915371502888364
tdr1vnv,84.99635833940276,0.0017397794927537752
tdr1vpe,80.01638747268754,0.0007517374621928214
tdr1vph,65.31318281136198,0.0011422885292310234
tdr1vpj,65.96868171886379,9.488949839577239e-05
tdr1vpm,77.43991260014566,0.0002613677430195036
tdr1vps,83.92206846321922,0.0008908486119704873
tdr1vpt,84.06773488710853,0.0009933010856319202
tdr1vpu,88.7836853605244,0.209448012143617
tdr1vpv,85.43335761107065,0.0018300970900511405
tdr1vqh,49.45375091041515,0.00016069394496535092
tdr1vqm,51.63874726875455,1.833334951969432e-05
tdr1vqn,78.27749453750911,0.004880429159385668
tdr1vqp,64.83976693372178,0.00038258638804057615
tdr1vqq,77.23962126729789,0.01268228699923977
tdr1vrg,69.35542607428987,8.086311089477249e-05
tdr1vrs,60.37873270211216,7.98866407933806e-05
tdr1vsf,85.99781500364166,0.0033624433760438754
tdr1vsk,41.569555717407134,4.92475526486464e-06
tdr1vss,45.28404952658413,7.251894960292909e-06
tdr1vst,45.2476329206118,2.794571547660305e-05
tdr1vt4,84.59577567370721,0.004644599087772301
tdr1vt5,85.39694100509833,0.043555025785726086
tdr1vt6,83.10269482884195,0.0006550072345048206
tdr1vtd,74.38091769847051,2.944080071531492e-05
tdr1vte,74.65404224326294,8.798371858934001e-05
tdr1vtn,20.81209031318281,4.105569361386309e-06
tdr1vtr,23.0517115804807,5.422482226352209e-05
tdr1vu3,64.76693372177714,3.8780551622931335e-06
tdr1vu9,67.33430444282592,2.4445914299002076e-05
tdr1vud,72.23233794610341,7.089059183878204e-06
tdr1vue,57.13765477057539,1.171880364485161e-05
tdr1vuf,74.69045884923526,2.2982351128810108e-05
tdr1vug,81.68244719592134,0.0021831343518322476
tdr1vuj,74.78150036416606,0.0007464801035812394
tdr1vuk,36.52585579024035,2.1273045421685948e-05
tdr1vum,38.10997815003642,0.00026438957936388225
tdr1vun,86.3619810633649,0.002718029725824814
tdr1vus,46.12163146394756,5.2084108099332835e-06
tdr1vvr,53.51420247632921,0.00015154894693649853
tdr1vwz,32.738528769118716,2.1388400009350885e-05
tdr1vxm,51.4748725418791,0.00024228858110954415
tdr1vxq,40.695557174071375,7.782773071781647e-05
tdr1vxt,37.34522942461763,1.0260617265254069e-05
tdr1vxv,34.12235979606701,9.27795580741629e-06
tdr1vy2,32.08302986161689,1.4869472768913412e-05
tdr1w04,51.54770575382375,0.00010895287661366196
tdr1w06,76.36562272396212,0.006109752323453543
tdr1w0z,65.79570284049527,7.043931302387263e-05
tdr1w10,95.63000728332119,0.9708927979675438
tdr1w11,98.23379461034231,0.9970306779038954
tdr1w13,94.13692643845593,0.9086826549517141
tdr1w19,94.44646758922069,0.9922119101336718
tdr1w1c,92.42534595775673,0.9903965155811801
tdr1w1p,75.30954115076474,0.0004840612316323738
tdr1w21,63.85651857246904,0.00037163192020935704
tdr1w26,63.69264384559359,1.763418964437976e-05
tdr1w27,52.75855790240349,8.990290242473791e-06
tdr1w2b,73.47050254916242,0.0016900502035548427
tdr1w30,71.59504734158776,0.00016362938493880172
tdr1w31,73.59796067006556,0.0001152329014314871
tdr1w33,61.59868900218499,0.00010573748382142069
tdr1w41,91.49672250546249,0.4177245056415105
tdr1w4b,92.40713765477058,0.571350314031794
tdr1w4e,79.67953386744355,0.3421195640494486
tdr1w4g,68.48142753095412,5.1991576529124216e-05
tdr1w4h,36.63510560815732,0.00012271935349275273
tdr1w4k,60.579024034959936,1.3718540132377684e-05
tdr1w4m,68.80917698470502,1.1725334324653352e-05
tdr1w4s,80.58994901675163,0.000793821304281511
tdr1w4u,79.8980335032775,0.0003804763988941004
tdr1w4v,88.12818645302258,0.12518914134603984
tdr1w4w,77.84049526584123,3.0349563843177653e-05
tdr1w4y,81.28186453022577,0.0042392927188590656
tdr1w4z,84.28623452294246,0.2638374412481264
tdr1w54,46.01238164603059,4.991642492572995e-05
tdr1w59,19.42825928623452,2.491723282397504e-05
tdr1w5p,97.83321194464676,0.999446999871525
tdr1w65,8.539694100509832,2.0823007297490222e-05
tdr1w67,8.576110706482156,7.86377183676586e-06
tdr1w79,59.46831755280408,0.0001665035269822204
tdr1w7n,31.35469774217043,4.064735234600959e-05
tdr1w7t,38.36489439184268,7.293055124770853e-05
tdr1w8f,59.95994173343044,0.00012575725873459305
tdr1w8g,53.55061908230153,2.373171280536765e-05
tdr1w94,49.016751638747266,8.780354649038102e-06
tdr1w96,64.40276766205389,5.570238491466188e-05
tdr1w9f,72.97887836853604,0.00016091071137860314
tdr1wd1,74.10779315367807,7.25698585647124e-05
tdr1wd2,71.74981791697014,0.00028410311670803117
tdr1wd3,70.8667152221413,4.92901922140298e-05
tdr1wd4,81.09978150036416,0.0009199299643567971
tdr1wd8,62.36343772760379,5.879324264381404e-05
tdr1wj8,31.44573925710124,1.2465307087557533e-05
tdr1wjb,32.57465404224326,2.7491944684693557e-05
tdr1wk4,36.8353969410051,2.4777265804571526e-05
tdr1wk5,23.088128186453023,2.035588360997073e-05
tdr1wxm,48.6707938820102,1.8341990091683308e-05
tdr1wxq,42.58922068463219,2.1674805896257984e-05
tdr1wxs,55.753823743627095,8.105555549967029e-05
tdr1wxt,45.55717407137655,9.14376916891541e-06
tdr1wyg,74.74508375819373,1.8748817102858777e-05
tdr1wz3,71.84996358339403,0.00278983802065074
tdr1wz5,75.05462490895849,0.0001031924150213192
tdr1wz6,87.65477057538237,0.6865020294003765
tdr1wz7,76.31099781500365,4.4085747912317096e-05
tdr1wzb,74.2352512745812,0.0005445476184519527
tdr1wzk,75.96504005826657,0.0002201092403683406
tdr1wzm,89.0203932993445,0.0027634865665368334
tdr1wzn,90.78659868900219,0.7439616581785047
tdr1wzq,90.22214129643118,0.9785036898444437
tdr1wzw,76.76620538965769,0.0001316319894258921
tdr1x02,36.54406409322652,4.409724363761713e-05
tdr1x08,37.454479242534596,5.027149993812604e-05
tdr1x24,44.93809176984705,2.7343958045648567e-05
tdr1x26,44.75600873998543,4.685967471813155e-05
tdr1x2k,34.92352512745812,1.9871066976964204e-05
tdr1x2t,27.49453750910415,2.369280561163274e-05
tdr1x2x,46.267297887836854,3.340171833943577e-05
tdr1x2z,39.785142024763296,8.743153441755164e-06
tdr1x8b,51.52949745083758,1.4118926330799033e-05
tdr1x8c,74.01675163874727,0.0004677682534825488
tdr1x91,84.15877640203932,0.003996906627529091
tdr1x94,82.48361252731246,0.004682263059425068
tdr1x95,81.70975965040058,0.0003431905685054123
tdr1x97,87.01747997086672,0.1108237111712409
tdr1x9k,76.72978878368536,0.0007561048255083954
tdr1x9m,76.47487254187911,0.0016519871635046804
tdr1x9s,77.25782957028406,0.0002883629265439879
tdr1x9t,84.70502549162417,0.23689290503640686
tdr1x9w,65.33139111434815,7.595407369872659e-05
tdr1x9x,84.32265112891479,0.0050064407893784515
tdr1xbz,88.29206117989803,0.7674731738131034
tdr1xc8,84.3590677348871,0.015736003697893748
tdr1xcb,93.02621995630007,0.9666314337342822
tdr1xcc,92.69847050254916,0.9845930848700036
tdr1xcp,93.59067734887108,0.9905910546951714
tdr1xcr,97.06846321922797,0.9982764863125111
tdr1xcx,91.29643117261472,0.9492569900568789
tdr1xcz,97.68754552075747,0.9982439172362069
tdr1xf0,92.24326292789512,0.9184788151326247
tdr1xf1,98.48871085214857,0.9995687298210892
tdr1xf4,98.56154406409323,0.9998619330149185
tdr1xf6,99.50837581937363,0.9998964130913851
tdr1xf7,99.36270939548434,0.9997494330841891
tdr1xfe,99.49016751638747,0.9997814817747589
tdr1xfj,96.12163146394757,0.9942035580924999
tdr1xfk,95.8667152221413,0.9683848310186316
tdr1xfm,95.30225782957028,0.9680872970525973
tdr1xfn,99.28987618353969,0.999654964255901
tdr1xfp,95.83029861616897,0.9996197565954573
tdr1xfs,96.32192279679533,0.9879312807304154
tdr1xft,96.59504734158776,0.9954919038706866
tdr1xfu,99.6176256372906,0.9994535048272194
tdr1xfv,97.39621267297888,0.9995781754879169
tdr1xfy,97.35979606700656,0.9988438759689371
tdr1xgj,95.81209031318281,0.9962491232027071
tdr1xgn,99.39912600145666,0.9999344274995221
tdr1xgr,99.67225054624909,0.9997874887393564
tdr1xgx,99.8543335761107,0.9998984342069522
tdr1xp4,75.27312454479242,0.0020428055035236867
tdr1xp5,73.63437727603788,0.0020164113493300775
tdr1xph,69.57392571012382,0.0007744016301346686
tdr1xpn,62.89147851420248,0.00013679714002577396
tdr1xqu,46.558630735615445,3.266658115276356e-05
tdr1xrh,46.06700655498908,1.8382289273946747e-05
tdr1y08,18.663510560815734,4.804900786586409e-05
tdr1y11,38.82010196649672,1.6682085476753348e-05
tdr1y14,26.675163874726877,1.4013728417689632e-05
tdr1y18,68.5360524399126,1.0882171842284204e-05
tdr1y19,61.270939548434086,1.4135946968313695e-05
tdr1y1b,67.98980335032775,3.643499761927769e-05
tdr1y1c,67.27967953386744,7.155234820569843e-06
tdr1y1d,48.998543335761106,1.823446543949365e-05
tdr1y1f,43.1536780772032,3.217059262815333e-05
tdr1y1r,68.02621995630007,1.955059518556279e-05
tdr1y1s,80.95411507647488,0.0015199034968865776
tdr1y1t,80.09832483612527,0.0027374524090365846
tdr1y1u,85.14202476329206,0.1009566895464219
tdr1y1v,84.90531682447195,0.0030389047779710685
tdr1y1w,80.77203204661325,0.0027613036142972946
tdr1y1x,82.59286234522942,0.4229818601819095
tdr1y1y,89.36635105608157,0.9888466729880389
tdr1y32,71.39475600873999,2.408237991097991e-05
tdr1y38,82.5564457392571,0.36175827490602186
tdr1y39,65.14930808448652,3.547756645436112e-05
tdr1y3c,75.03641660597232,0.00020995079693239484
tdr1y3d,76.29278951201748,0.0041750066819115075
tdr1y3g,65.84122359796068,0.0002460251460565208
tdr1y3t,49.7632920611799,4.054116811738473e-05
tdr1y3u,75.89220684632193,0.00020328084465610956
tdr1y40,73.78004369992716,0.007710802299358043
tdr1y49,89.76693372177714,0.3654954932909967
tdr1y4c,93.17188638018936,0.9963568448675616
tdr1y4g,91.84268026219956,0.9974491301249409
tdr1y4j,72.79679533867444,0.0007712856371141374
tdr1y4u,80.80844865258557,0.0021678054705746626
tdr1y4v,69.7742170429716,2.623984944696254e-05
tdr1y50,89.49380917698471,0.9920525346288189
tdr1y51,92.57101238164603,0.9983249355000582
tdr1y52,89.45739257101238,0.9721036284824776
tdr1y53,92.17042971595048,0.9731544342472805
tdr1y54,93.42680262199563,0.9983986449121238
tdr1y55,92.98980335032775,0.9982238569974462
tdr1y56,93.33576110706481,0.9984369519253258
tdr1y57,91.71522214129642,0.9876703179642098
tdr1y58,86.25273124544792,0.9381853398755331
tdr1y59,92.47997086671522,0.9773454057012563
tdr1y5b,84.81427530954116,0.015648002249745097
tdr1y5d,93.68171886380189,0.9949815069906786
tdr1y5h,72.92425345957757,8.067599609397061e-05
tdr1y5j,71.5768390386016,4.874231759270366e-05
tdr1y5k,94.7742170429716,0.9846684650474886
tdr1y5s,76.14712308812818,0.0012340229984585777
tdr1y61,82.64748725418791,0.07613249048898331
tdr1y6j,79.6613255644574,0.005099316704024376
tdr1y6q,88.91114348142753,0.7863884671722937
tdr1y6x,98.06991988346687,0.9942744686586098
tdr1y6z,97.65112891478515,0.9960168820345339
tdr1y7p,95.39329934450109,0.9894657634304286
tdr1y92,75.01820830298617,0.002029904038090108
tdr1y99,77.49453750910416,0.004052399350945283
tdr1y9h,59.68681718863802,6.470001160575649e-05
tdr1y9j,59.19519300801165,2.0985106390551117e-05
tdr1y9n,88.1646030589949,0.3580053080858
tdr1y9p,89.58485069191552,0.6435519340582408
tdr1yb0,87.89147851420248,0.05024485152756733
tdr1yb2,90.69555717407137,0.9914393135200122
tdr1yb8,91.04151493080846,0.9520198784061545
tdr1ybb,79.35178441369264,3.626763454236344e-05
tdr1ybv,98.68900218499635,0.9963893341663271
tdr1yby,85.10560815731974,0.005059628280044489
tdr1ybz,73.761835396941,0.00013078622723001766
tdr1yc0,80.28040786598689,0.003441592735837745
tdr1yc1,92.04297159504733,0.45368659762776015
tdr1yc4,94.5375091041515,0.4924990356064227
tdr1yc5,94.61034231609614,0.9769213360665153
tdr1ych,96.2490895848507,0.6119597177689491
tdr1ycj,99.2352512745812,0.9987854651271355
tdr1yck,96.83175528040786,0.9812577171614716
tdr1ycm,98.59796067006556,0.9963386855026168
tdr1ycs,96.03058994901676,0.996019435665583
tdr1ydb,97.523670793882,0.9951344357781223
tdr1ydt,59.24981791697014,7.91330511594331e-05
tdr1ydw,79.36999271667881,0.20908620705313724
tdr1ydx,87.96431172614713,0.44775672976310604
tdr1ye0,95.68463219227968,0.998514835026316
tdr1yf8,81.1361981063365,0.02076003400054666
tdr1yfb,75.60087399854334,0.004622380112411422
tdr1yfc,67.51638747268754,1.9748527912304384e-05
tdr1yff,43.936635105608154,3.9980703963083905e-05
tdr1yg0,61.96285506190823,9.385918355019242e-05
tdr1yg8,58.211944646758916,0.000141702806627747
tdr1yh0,62.85506190823015,0.0005556428575352473
tdr1yh9,51.62053896576839,1.53855036061881e-05
tdr1yhg,11.307356154406408,1.59985058709286e-05
tdr1yhr,37.527312454479244,8.045236590994273e-06
tdr1yj2,68.13546977421704,6.008439712947815e-05
tdr1yj3,71.54042243262928,0.00014344177244184382
tdr1yj5,37.19956300072833,7.143716751913359e-05
tdr1yj9,63.801893663510555,3.703063575965371e-05
tdr1yjd,60.41514930808448,1.433441827034617e-05
tdr1yjf,59.97815003641661,8.107503441889579e-06
tdr1yjg,70.72104879825201,9.465096873259665e-06
tdr1yjs,69.1551347414421,4.872758319756179e-06
tdr1yjt,70.13838310269482,6.519532112854715e-06
tdr1yju,68.09905316824472,8.917166552535622e-05
tdr1yjw,72.60560815731974,6.353986116355221e-05
tdr1yjy,41.47851420247633,5.210776291302448e-06
tdr1yjz,26.839038601602333,5.31238469664372e-06
tdr1yk0,48.525127458120906,0.00023770948617930464
tdr1yk2,40.44064093226511,9.889640665292286e-06
tdr1yn1,39.093226511289146,4.742984280865896e-06
tdr1yn4,41.04151493080845,4.4057437344362716e-06
tdr1ynd,69.06409322651129,0.00020444971478536124
tdr1yne,78.40495265841224,0.0010757486047283053
tdr1yng,72.41442097596504,4.500585652372599e-05
tdr1ynj,62.32702112163147,8.95861639817649e-06
tdr1ynt,8.248361252731245,4.722908539873871e-06
tdr1ynw,10.214857975236708,3.0735410807760805e-05
tdr1yqd,8.849235251274582,3.5640060595843804e-05
tdr1yqk,41.250910415149306,2.5998109986100872e-05
tdr1yqs,37.21777130371449,4.5093384743778635e-05
tdr1yr9,41.69701383831027,5.076833519078766e-05
tdr1yrf,29.697742170429713,1.0785347581713099e-05
tdr1ywf,18.335761107064823,2.320575940758422e-05
tdr1z0s,89.29351784413693,0.365019402244813
tdr1z0t,79.73415877640204,0.0007218361548118846
tdr1z1k,86.89002184996359,0.00909695343389811
tdr1z1m,93.29934450109249,0.9858389199661491
tdr1z1s,98.32483612527312,0.9997629852606015
tdr1z4b,22.742170429715948,0.00025624210083282023
tdr1zes,21.795338674435545,0.00029117851397061553
tdr1zfx,98.10633648943919,0.9998889839123701
tdr1zfz,98.37946103423161,0.9989261506696772
tdr1zj0,84.38638018936635,0.035081837030174236
tdr1zj1,82.57465404224327,0.05041646450327306
tdr1zjn,67.13401310997816,0.0005647538181830162
tdr1zjr,69.59213401310997,1.3301456835966536e-05
tdr1zm2,71.88638018936635,1.7627521181080734e-05
tdr1zm3,75.40058266569557,0.0003696514920756478
tdr1zm8,76.0014566642389,2.229236510919365e-05
tdr1zme,99.94537509104151,0.9997706328537562
tdr1zmg,99.69045884923526,0.9998315768925783
tdr1zmu,99.90895848506919,0.9995503404300117
tdr1zmv,100.0,0.9997549039681376
tdr1zqh,99.14420975965041,0.9977474403760099
tdr1zqj,99.98179169701383,0.9998502270911119
tdr1zqn,99.81791697013838,0.9988593541550237
tdr1zqq,98.16096139839767,0.9905539696610719
tdr1zr0,7.975236707938819,3.0588917365467064e-05
tdr1zuf,48.543335761107066,9.701990902353962e-05
tdr1zuh,40.60451565914057,0.00021462578023421285
tdr1zvy,95.75746540422433,0.9990996672326419
tdr1zvz,94.41005098324837,0.9978999467658152
tdr1zw6,94.0094683175528,0.4399728827253991
tdr1zw8,97.26875455207575,0.9931102341640144
tdr1zw9,95.9577567370721,0.9911830147168317
tdr1zwd,99.70866715222141,0.9997366225420734
tdr1zwe,99.21704297159505,0.9996017161822365
tdr1zwf,94.82884195193007,0.9711498843997446
tdr1zxr,89.639475600874,0.08085208024784582
tdr1zy6,57.5564457392571,4.090787891160272e-05
tdr1zy7,56.48215586307356,4.735540568507223e-05
tdr1zyn,82.11944646758921,4.3690576846980756e-05
tdr1zz2,94.8652585579024,0.8496681575932304
tdr1zz8,94.51930080116533,0.46982095199807894
tdr1zz9,96.68608885651857,0.9661039701965282
tdr1zzf,79.38820101966498,0.00010496051067857374
tdr32ec,50.63729060451566,0.0001900422998133955
tdr32ed,57.01019664967225,0.0005974537934161913
tdr32ef,57.57465404224327,0.0004158596194394711
tdr32j8,35.76110706482156,7.758941242481752e-05
tdr32j9,36.94464675892207,2.6836801325357247e-05
tdr32jn,30.043699927166788,2.4647637793855686e-05
tdr3333,66.86088856518573,0.0033618314606475596
tdr3840,91.0233066278223,0.7627208654666838
tdr3842,93.7727603787327,0.951507873368718
tdr3851,92.33430444282592,0.41074510971797723
tdr3852,99.01675163874727,0.9993453065917306
tdr3853,99.45375091041515,0.9997416480210368
tdr3855,93.79096868171887,0.9640768972510301
tdr3856,98.85287691187182,0.9997926021556756
tdr3857,92.95338674435543,0.9878685642779258
tdr3858,99.96358339402768,0.9996694407187572
tdr385b,96.43117261471231,0.997814760486123
tdr385h,85.70648215586307,0.9041217254524825
tdr385j,85.28769118718135,0.3041526118449073
tdr385n,84.44100509832484,0.5061742303217931
tdr38h1,97.42352512745812,0.9995496073523977
tdr38h3,90.16751638747269,0.964716480403796
tdr38h6,90.84122359796068,0.9618442468715734
tdr38h9,96.1034231609614,0.9990003752953256
tdr38hd,97.97887836853604,0.9996302107280379
tdr38hf,98.5797523670794,0.9996827393627321
tdr38j4,98.74362709395484,0.9992926518088131
tdr38j6,99.56300072833211,0.9997466049705974
tdr38j7,99.78150036416606,0.9999052974123995
tdr38je,99.58120903131828,0.9997622217334197
tdr38jg,99.54479242534596,0.9996401776001503
tdr38ne,97.99708667152221,0.9996627878787976
tdr38ns,99.18062636562273,0.9998559985724024
tdr38nt,98.25200291332847,0.9998233622337879
tdr38nu,98.34304442825929,0.995814592694418
tdr38nw,97.63292061179898,0.9992720443424127
tdr38ph,98.08812818645303,0.9989494061033097
tdr38pk,96.01238164603059,0.9980219274220764
tdr38ps,57.15586307356154,4.117150892653971e-06
tdr38q9,25.98324836125273,0.00010262549261163418
tdr38qw,88.58339402767662,0.31955291418647414
tdr38qy,87.90968681718864,0.9463105055385219
tdr38rn,83.37581937363437,0.00468275391146601
tdr38rp,78.86016023306628,0.00022161206625194018
tdr38rr,66.58776402039331,5.1918857007732975e-05
tdr38rx,73.19737800437,0.00041271669812004423
tdr38rz,92.9715950473416,0.970655095060558
tdr38t2,97.92425345957757,0.9995074630211925
tdr38t8,98.21558630735615,0.9994816985058063
tdr38tb,98.2884195193008,0.9789696005438241
tdr38w8,72.72396212672979,0.002954704052810761
tdr38xb,85.0327749453751,0.0964333150308502
tdr38yd,50.163874726875456,0.00013489948641189878
tdr38zg,66.22359796067006,0.0003504541212307003
tdr395m,84.94173343044427,0.0021729056919477813
tdr39hj,68.97305171158048,0.010418219372196415
tdr3b0u,77.93153678077203,0.0013217983929045339
tdr3b15,72.86962855061908,0.0003096035698624192
tdr3b2p,87.19956300072833,0.02122719314630094
tdr3b2t,33.539694100509834,1.064650951529536e-05
tdr3b2w,45.50254916241806,0.000169718777443279
tdr3b2x,62.7822286962855,3.775301835382929e-05
tdr3b37,98.39766933721778,0.9975615755880489
tdr3b3e,98.1427530954115,0.9972499149287022
tdr3b3g,78.20466132556446,0.0026827571397256616
tdr3b3h,90.877640203933,0.97616023113643
tdr3b3k,92.02476329206118,0.9838936549371371
tdr3b41,82.21048798252004,0.04074956142184103
tdr3b48,88.20101966496723,0.924905660587941
tdr3b4b,96.15804806991989,0.9996200235602467
tdr3b65,79.77057538237436,0.015307316887911737
tdr3b6f,44.91988346686089,0.0002252331392283382
tdr3b6s,57.7931536780772,0.0001604571057236343
tdr3b6t,63.5469774217043,0.0002393473925519867
tdr3b79,50.182083029861616,6.391988405137256e-05
tdr3b7c,62.23597960670065,0.002663654387333162
tdr3b80,83.70356882738528,0.010637885195248926
tdr3b82,86.43481427530955,0.14138869875073842
tdr3b88,83.46686088856518,0.015641425140661754
tdr3bj8,96.79533867443554,0.9991534630074824
tdr3bj9,95.5753823743627,0.9979651027658878
tdr3bjb,96.06700655498908,0.965576462649703
tdr3bjd,95.46613255644574,0.9964362811903046
tdr3bk6,52.585579024034956,0.001986981800769927
tdr3bks,24.289876183539693,3.185261676943895e-05
tdr3bmr,51.056081573197375,0.00017182175315062656
tdr3bpb,99.92716678805536,0.999506540340689
tdr3bpc,98.54333576110706,0.9990000257722712
tdr3br6,8.394027676620539,3.251253905718305e-05
tdr3bu5,77.1849963583394,0.0003414937025808792
tdr3buh,86.16168973051711,0.6020864724105969
tdr3buj,86.56227239621266,0.7873640123719566
tdr3buk,86.8353969410051,0.05157282499233164
tdr3bum,94.66496722505462,0.9951311188771655
tdr3bxh,85.23306627822286,0.012639833244265168
tdr3c0r,67.77130371449381,0.001433422603524368
tdr3c0z,72.21412964311726,0.003282109900916138
tdr3c1p,79.69774217042972,0.00361252065121808
tdr3c5u,75.1456664238893,0.031420449703875385
tdr3c6b,46.08521485797524,0.00031352967793649763
tdr3c79,58.8856518572469,0.003925060929746922
tdr3cqv,45.97596504005826,0.00031135759197091695
tdr3crj,37.090313182811364,2.835650752651517e-05
tdr3crk,50.2367079388201,0.00022066914506868056
tdr3crv,44.227967953386745,2.1937100074653978e-05
tdr4535,13.911143481427532,4.328784862367975e-05
tdr453h,15.030954115076476,2.5152659662286498e-05
tdr458w,17.971595047341587,0.0015254133524519782
tdr45rr,70.66642388929351,0.015806075192751772
tdr45rt,42.607428987618356,9.932080544795664e-05
tdr45vz,82.0284049526584,0.004318420333640809
tdr45wv,45.61179898033503,2.5250211670614315e-05
tdr45wy,56.190823015294974,4.0895895716012186e-05
tdr45wz,56.937363437727605,5.930238363542855e-05
tdr45x2,63.47414420975965,3.88512208079542e-05
tdr45x4,54.62490895848507,2.1693735703448897e-05
tdr45xx,51.16533139111434,2.6438253826131154e-05
tdr45yh,36.58048069919884,2.491434189418241e-05
tdr45yk,49.07137654770575,0.00011221915421854145
tdr469t,32.246904588492356,5.3985459531997014e-05
tdr46c1,44.10050983248362,0.00010450812540133748
tdr4720,29.888929351784416,4.248912643229902e-05
tdr478x,25.091041514930808,8.46745724427168e-06
tdr4h0j,98.50691915513474,0.9972236358822378
tdr4h1r,86.99927166788055,0.9109263682178668
tdr4h32,97.45083758193736,0.9931149222569408
tdr4h38,98.4340859431901,0.999563566564606
tdr4h3b,98.45229424617625,0.9989384120471513
tdr4h3c,97.1048798252003,0.9992172681532531
tdr4h4q,59.0313182811362,0.0003369793395856982
tdr4h60,92.77130371449381,0.18302151655858173
tdr4h61,91.05972323379461,0.03528919506137691
tdr4h69,73.98033503277495,0.0016110046999739881
tdr4h6n,26.493080844865258,0.0001488740323794658
tdr4h7y,95.52075746540423,0.9979151825824033
tdr4h7z,91.31463947560088,0.6832569675151229
tdr4h80,48.87108521485797,1.0224696934718538e-05
tdr4h81,46.576839038601605,9.872554272381334e-06
tdr4h83,52.11216314639475,1.9224754713199326e-05
tdr4h8h,82.97523670793882,0.008185962195572391
tdr4h8j,81.75528040786598,0.007966170788278593
tdr4h8m,93.48142753095412,0.9875580896535179
tdr4h8q,92.89876183539694,0.9631939740514123
tdr4h8w,91.56955571740714,0.9658999687409734
tdr4h8x,83.43044428259286,0.0026717570871448736
tdr4h8z,87.39985433357612,0.8555627886485578
tdr4h9w,46.04879825200292,0.00020272651237659075
tdr4hb1,90.27676620538966,0.0025689983779162533
tdr4hb3,87.43627093954844,0.37904737842059
tdr4hb4,90.80480699198836,0.05531659137258807
tdr4hb5,85.61544064093226,0.01917561334803505
tdr4hb6,92.55280407865986,0.1423127059466659
tdr4hb9,86.6897305171158,0.011265525295300609
tdr4hbb,87.4544792425346,0.5094746827600809
tdr4hbc,87.05389657683904,0.08761019043355325
tdr4hc1,86.39839766933721,0.8617842667877895
tdr4hc3,81.11798980335033,0.5452447734312565
tdr4hc6,90.14930808448652,0.957598874797937
tdr4hcg,73.39766933721778,0.0004271166070507934
tdr4hcu,80.4624908958485,0.035484611425879144
tdr4he3,87.03568827385287,0.01971235351002041
tdr4he8,91.9155134741442,0.024140815989594215
tdr4he9,64.32993445010925,2.189779407214849e-05
tdr4hf0,59.43190094683175,0.00021213211058367595
tdr4hf4,58.50327749453751,1.2006511337426965e-05
tdr4hf5,74.96358339402768,0.0007022237650738143
tdr4hk5,93.2083029861617,0.982237326657613
tdr4hk7,83.83102694828843,0.01550523012146943
tdr4hkd,43.09905316824472,7.0374583585292295e-06
tdr4hkh,89.32993445010925,0.6964096603172385
tdr4hkj,97.88783685360525,0.9970330364970654
tdr4hm7,21.5768390386016,5.892444498055659e-05
tdr4hpu,41.91551347414421,1.4357920493989847e-05
tdr4hue,88.05535324107792,0.0554889721835673
tdr4hug,96.4857975236708,0.13841075404769723
tdr4hus,85.9796067006555,0.0278908016999529
tdr4hxz,63.619810633648946,0.0005031762799208872
tdr4hzb,63.56518572469045,0.0008668141963296299
tdr4j0h,84.30444282592863,0.001920273376107929
tdr4j0j,87.3088128186453,0.02446009497163768
tdr4j2h,51.12891478514202,2.7558393662277543e-05
tdr4j2w,42.91697013838311,4.4907442788849825e-05
tdr4j5v,75.54624908958485,0.011445499918986312
tdr4j5w,68.95484340859433,2.3450322300270268e-05
tdr4j5x,70.22942461762564,1.0787489658501222e-05
tdr4j6x,73.41587764020393,0.0002430098825730793
tdr4j6z,63.14639475600874,0.0003081780669959365
tdr4j77,54.44282592862345,3.4184371534001816e-05
tdr4j78,63.58339402767662,2.6310300765146397e-05
tdr4j79,61.16168973051711,8.289328723136439e-06
tdr4j7d,56.418426802621994,8.591365696245748e-06
tdr4j7e,45.66642388929352,7.147232386865357e-06
tdr4j7p,64.69410050983248,2.5488448629308172e-05
tdr4j7u,42.49817916970138,2.456237415985218e-05
tdr4j9s,21.394756008739986,2.9421891690958642e-05
tdr4j9u,32.71121631463947,1.4698771211117996e-05
tdr4jdm,52.75855790240349,1.3810517801516233e-05
tdr4jdt,55.55353241077932,1.41683713006578e-05
tdr4jdv,56.900946831755284,1.4870260729420042e-05
tdr4je2,55.91769847050255,4.006871398566586e-05
tdr4je8,37.509104151493084,1.4260914652895187e-05
tdr4jej,58.557902403496,4.8519441996697435e-05
tdr4jen,54.36999271667881,1.7050237322188486e-05
tdr4jh2,14.475600873998543,9.898028631030247e-05
tdr4jm0,24.326292789512017,1.5546422719192353e-05
tdr4jm2,33.448652585579026,2.7487707298656506e-05
tdr4jpj,35.65185724690459,8.430196843264009e-05
tdr4jpn,56.91915513474144,8.598177114220394e-06
tdr4jpp,83.90386016023307,0.011058207605153619
tdr4jr0,73.48871085214857,0.00029327857790787445
tdr4jr1,76.9482884195193,0.0001772947593653309
tdr4jr3,81.2272396212673,0.001830290290667199
tdr4jr6,78.7509104151493,0.0015796097231638908
tdr4jsd,87.32702112163146,0.7161510491754055
tdr4jsf,86.05243991260014,0.45334638877023115
tdr4jt4,84.97815003641661,0.049168869065235724
tdr4jt6,86.32556445739257,0.010284230437577565
tdr4jt7,88.401310997815,0.1517142087281027
tdr4jtf,48.81646030589949,0.00019182797276762661
tdr4jtg,37.873270211216315,1.3782798845588997e-05
tdr4jw5,48.36125273124544,3.3561125133090656e-05
tdr4jw7,36.343772760378734,0.0008745358143121924
tdr4jxt,61.343772760378734,0.00027751560799178874
tdr4jxv,77.85870356882738,0.0019307913560993111
tdr4k2d,57.77494537509105,0.0002510868912207231
tdr4k2e,27.203204661325564,6.448833378798741e-06
tdr4k5p,15.549890750182083,9.712579577453309e-06
tdr4k8g,40.294974508375816,1.3415232477002629e-05
tdr4k8u,40.276766205389656,1.1755719577720253e-05
tdr4k95,40.54989075018208,1.0784612887073612e-05
tdr4k9h,37.96431172614712,8.718942393318218e-06
tdr4ktk,31.609613983976693,9.038993612711283e-05
tdr4m33,40.31318281136198,5.413009386938008e-05
tdr4m39,43.044428259286235,4.113777945479863e-05
tdr4m6u,8.812818645302258,3.69360103259493e-05
tdr4m7r,84.23160961398398,0.028367218854484393
tdr4m8m,25.60087399854333,1.1287930022775403e-05
tdr4m8w,46.995630007283324,3.1972910732351016e-05
tdr4m93,51.092498179169695,3.2626107982521615e-05
tdr4m99,80.53532410779314,0.001682586394211109
tdr4m9c,78.16824471959214,0.02305734955522969
tdr4m9h,57.50182083029861,0.00015676497051819892
tdr4m9j,61.25273124544792,3.159455040763075e-05
tdr4m9m,55.790240349599415,1.4028655488785631e-05
tdr4m9v,74.25345957756737,0.0006348512231061454
tdr4md0,83.0298616168973,0.06895234996616195
tdr4md1,76.38383102694829,0.004305743603390562
tdr4md4,84.77785870356882,0.07449568985115682
tdr4md5,83.72177713037145,0.04608179033520856
tdr4mdh,76.52949745083758,0.0031372458189599982
tdr4mdv,72.65112891478515,0.0005273930765312443
tdr4mdw,65.95047341587764,8.626745245191139e-05
tdr4me1,86.87181354697742,0.642411837979966
tdr4me2,87.6911871813547,0.5305757691164447
tdr4me3,84.08594319009468,0.005325837897906468
tdr4me6,86.0706482155863,0.37336835984679306
tdr4me9,83.95848506919154,0.0028815991628666823
tdr4med,86.50764748725419,0.12359629183546642
tdr4mee,94.64675892206846,0.99375455674914
tdr4meg,85.19664967225054,0.13818163734664018
tdr4mej,59.04952658412236,0.00010962350500071105
tdr4mem,60.041879096868165,6.2468530056184534e-06
tdr4mes,65.65914056809905,0.0001382735267566272
tdr4met,67.38892935178441,0.00028840879320565413
tdr4mxq,59.86890021849963,5.431670032442777e-05
tdr4mxw,57.283321194464676,5.367655149590215e-05
tdr4mxy,59.231609613983984,2.1971739085803064e-05
tdr4n2v,44.79242534595776,4.949137218412828e-05
tdr4ndt,32.92061179898034,6.702060984289741e-06
tdr4ndw,31.136198106336487,8.315580743606383e-06
tdr4ndx,36.03423160961398,5.974680002405738e-06
tdr4nk7,40.53168244719592,3.893339811210057e-05
tdr4nkg,67.42534595775673,0.0012330041595012692
tdr4nks,56.646030589949014,3.891843092112985e-05
tdr4nku,64.38455935906774,0.0007023935526501796
tdr4nkw,45.37509104151493,3.388794144839697e-05
tdr4nm5,67.73488710852149,0.00012034351329659686
tdr4nmh,68.66351056081574,0.0009638176978278986
tdr4nqy,15.276766205389658,1.8329808096925127e-05
tdr4nx8,18.42680262199563,4.735698702097217e-05
tdr4p4s,17.33430444282593,0.00015441485137341804
tdr4pbj,98.9985433357611,0.9996657569449358
tdr4pbn,99.79970866715222,0.9997812906841157
tdr4pbp,99.89075018208304,0.999656622087296
tdr4pbq,92.53459577567371,0.21493131666752954
tdr4q7j,28.368536052439914,0.00014592200883085805
tdr4qee,58.99490167516388,0.00012631575720812462
tdr4qtv,43.827385287691186,0.0004733341098249229
tdr4qty,44.57392571012382,0.0004204902128139559
tdr4r18,25.072833211944644,7.177483878693319e-06
tdr4t0x,27.184996358339404,3.2130746664754885e-05
tdr4t29,30.025491624180628,2.8647161691330398e-05
tdr4t2d,16.5877640203933,2.360847934089818e-05
tdr4t2r,5.06190823015295,4.361130054180531e-05
tdr4t7f,12.308812818645302,0.0001294414348068969
tdr4t8d,33.50327749453751,6.7161315333986144e-06
tdr4tb3,81.88273852876911,0.16589190346144825
tdr4tb4,68.93663510560816,0.0007463364954462141
tdr4tb6,72.56008739985434,8.041497253741722e-05
tdr4tb8,84.68681718863802,0.5257591042509552
tdr4wh3,17.534595775673704,2.7388389351795687e-05
tdr4whf,32.52002913328478,3.0120465219934383e-05
tdr4whx,34.45010924981792,3.3315511952245376e-05
tdr4ws6,87.7822286962855,0.03231929700060459
tdr4ws9,90.89584850691915,0.03926180262620732
tdr4wsb,91.00509832483613,0.0018269735517872413
tdr4wsc,86.81718863801893,0.0016289338567762018
tdr4y0z,49.30808448652586,0.0001614975422912441
tdr4zxu,95.53896576839038,0.9990782964704154
tdr4zxv,86.90823015294976,0.3127716175004488
tdr4zxy,77.78587035688274,0.00017227283670085897
tdr4zxz,57.45630007283321,6.435838170576983e-05
tdr5nc5,99.72687545520758,0.9980184368769355
tdr5nc7,96.54042243262928,0.9872516187052096
tdr5nck,97.14129643117262,0.9886669759114554
tdr5ncs,99.59941733430443,0.9955443305823062
tdr5p8h,95.42971595047341,0.99692741446676
tdr5p8j,90.04005826656956,0.8627813492220326
tdr5p8k,95.93954843408594,0.9994736037761494
tdr5p8n,88.6926438455936,0.34235402405531623
tdr5p8p,57.45630007283321,0.00011560316076741849
tdr5p8s,94.97450837581938,0.9965066960588306
tdr5p8t,88.21922796795339,0.9695270165483206
tdr5p8v,82.39257101238164,0.0005475744981540737
tdr5p9j,81.26365622723962,0.002634476415781628
tdr5p9m,55.061908230152945,1.3976624940290672e-05
tdr5pb1,46.81354697742171,8.802559871362206e-06
tdr5pb4,43.353969410050986,2.1038052497567336e-05
tdr5pb5,44.1551347414421,3.8175994496302e-05
tdr6000,99.34450109249818,0.9997371948173145
tdr6001,99.83612527312454,0.9998794914116622
tdr6003,99.7632920611799,0.9999568102204042
tdr6009,97.86962855061908,0.9998638155832444
tdr600d,95.55717407137655,0.9950979204899781
tdr6061,25.96504005826657,0.00023381280558023914
tdr60e6,18.28113619810634,1.5844786756241657e-05
tdr60vj,57.62927895120175,0.0023770973783843576
tdr612n,34.8871085214858,2.8862017640545257e-05
tdr61nz,78.33211944646759,0.31595432371793214
tdr61qb,79.4701383831027,0.005600281997949615
tdr6382,63.51056081573198,0.002681730753393899
tdr6389,49.23525127458121,0.0001570596292097775
tdr638d,50.7101238164603,5.913882695751632e-05
tdr727h,42.95338674435543,0.00014734991310109063
tdr727j,28.15003641660597,2.4590351375693454e-05
