gh7,impact,pred_intrinsic
tdr0zv7,76.21995630007284,86.42350980488939
tdr0zve,75.49162418062637,69.35293196763078
tdr0zvf,68.24471959213402,82.15259635375656
tdr17n7,44.19155134741442,64.04419349555435
tdr17nu,55.18936635105608,59.486277032169205
tdr17x3,21.321922796795338,54.23134841109225
tdr1e7h,16.806263656227237,37.946565878636854
tdr1e7s,11.216314639475602,37.776334858326706
tdr1efj,51.747997086671525,85.66534791002502
tdr1efm,78.47778587035688,66.3463476817629
tdr1efy,65.60451565914057,85.7573124774638
tdr1efz,66.04151493080846,69.15209652062035
tdr1egn,58.120903131828115,67.58141908833201
tdr1eyx,84.10415149308085,82.02144854626745
tdr1eyz,95.97596504005827,98.85743933331936
tdr1ez6,58.958485069191546,78.46718691687423
tdr1ez9,70.46613255644574,69.59140243869064
tdr1ezd,58.867443554260745,62.949594487493925
tdr1ezp,92.88055353241079,88.56551571319793
tdr1g5g,35.87035688273853,44.27574333391143
tdr1g9r,64.79424617625638,77.97398459325534
tdr1gcb,53.00436999271668,61.26262827267757
tdr1gq3,7.119446467589221,31.671591478242075
tdr1gsd,54.71595047341587,68.36729389198652
tdr1gse,63.74726875455208,45.00130100257066
tdr1gsu,70.40240349599416,81.51921115639323
tdr1gsv,51.456664238892934,48.5300450634633
tdr1gsx,50.78295702840495,72.33488878990316
tdr1gup,39.73051711580481,68.08701835788642
tdr1gur,53.05899490167516,63.649040826841166
tdr1hjr,32.19227967953387,49.58421902029972
tdr1hjx,25.491624180626367,28.280356496934026
tdr1hrn,30.18936635105608,28.341355889673853
tdr1hrx,47.013838310269485,55.994274111758166
tdr1hxc,54.46103423160962,78.29438935700449
tdr1jsd,25.036416605972324,57.63661386818215
tdr1jxq,49.63583394027676,43.08129346928302
tdr1jxz,61.54406409322652,55.06358684560789
tdr1k84,34.10415149308085,48.231427481044484
tdr1k8d,23.652585579024034,47.00370330406616
tdr1k9m,23.488710852148582,35.11902322229182
tdr1kfn,46.74071376547706,66.55181275348797
tdr1kfp,49.32629278951202,75.12405054297814
tdr1kfq,51.711580480699205,30.862077496843416
tdr1kfr,52.84049526584123,68.55419847299446
tdr1kfx,53.44136926438456,66.97077697814942
tdr1kmc,60.9340859431901,78.92014202270242
tdr1kt2,61.14348142753096,63.09681587687987
tdr1kte,71.06700655498908,90.20643868789341
tdr1kwn,89.89439184268026,94.11561091084681
tdr1kwr,90.38601602330662,93.37196225395526
tdr1kxb,43.13546977421704,84.94529132837295
tdr1m55,21.04879825200291,42.772319336365996
tdr1m57,32.95702840495266,45.132848592577524
tdr1m8p,53.27749453750911,73.97148680922098
tdr1m9p,23.142753095411507,68.7084244989879
tdr1mb0,50.68281136198106,65.43270174621013
tdr1mc3,3.5142024763292063,49.79113452120343
tdr1mg1,36.01602330662782,35.920787623410256
tdr1mg3,34.796067006554985,35.34573927451566
tdr1mg6,36.10706482155863,46.32714612674755
tdr1mjx,34.304442825928625,62.770157383161056
tdr1mnq,59.48652585579024,79.42347352751487
tdr1mnr,50.34595775673707,81.27034313323327
tdr1mny,47.57829570284049,54.65772264992635
tdr1mpp,67.45265841223598,71.49882360920606
tdr1mpr,78.04078659868901,77.93239206249149
tdr1mpx,78.71449380917699,79.7759847715424
tdr1mq6,15.112891478514204,36.72833016789432
tdr1mqr,48.59796067006555,51.09563937176343
tdr1mr6,46.30371449380918,74.13867504239471
tdr1mr7,45.59359067734887,75.86523100897338
tdr1mrd,65.91405680990532,89.99692585166629
tdr1mry,17.680262199563003,64.331115546252
tdr1ms2,52.38528769118717,51.68834252970751
tdr1mst,26.474872541879098,60.75879282710316
tdr1msw,13.7836853605244,49.69519179428455
tdr1mt0,42.22505462490896,53.5546953326204
tdr1mt2,34.37727603787327,39.70845539337449
tdr1mte,34.2680262199563,65.25950000952915
tdr1mts,42.86234522942462,69.85797344622299
tdr1mvd,72.12308812818645,60.06001534153456
tdr1mve,72.63292061179898,67.07250356152532
tdr1mvf,69.90167516387473,69.54073729291562
tdr1mvg,65.69555717407137,70.36421341727308
tdr1mvu,62.4544792425346,55.64876856391092
tdr1mw3,58.621631463947566,73.9151706581722
tdr1mw8,67.9169701383831,82.44964527011109
tdr1mwb,67.17042971595048,68.49633233730289
tdr1mx0,65.18572469045884,58.128321920450766
tdr1mx2,50.68281136198106,61.03699099592244
tdr1mxq,84.95994173343044,67.87994026681864
tdr1mxr,87.14493809176986,78.82552051034173
tdr1myv,59.013109978150034,48.30296267240176
tdr1myy,56.418426802621994,66.98254290614928
tdr1myz,61.234522942461766,65.63547875755268
tdr1mz2,80.51711580480699,86.34630839929099
tdr1mz8,89.18426802621995,81.1946978140637
tdr1ncd,88.82010196649672,65.46863191325635
tdr1nce,86.47123088128187,62.777958367534005
tdr1ncf,87.23597960670065,77.78834762117403
tdr1ncg,77.20320466132556,68.86204068645166
tdr1ncs,79.78878368536051,51.69140873709501
tdr1nct,76.34741442097597,66.6326226983861
tdr1ncu,79.87982520029134,66.39070253628189
tdr1ncv,78.5142024763292,54.535607028215935
tdr1ncw,70.08375819373634,34.30845138068021
tdr1ncx,65.40422432629279,53.758595991716184
tdr1nf4,97.23233794610341,73.66335132784043
tdr1npy,4.879825200291333,45.1299502729746
tdr1nzv,59.14056809905317,70.45170407702129
tdr1nzy,60.84304442825928,72.7269519151143
tdr1p5k,58.30298616168973,20.94858692784994
tdr1p8s,77.36707938820102,59.66942221886603
tdr1p96,84.34085943190095,74.96708878937444
tdr1p97,75.69191551347414,34.508936765750754
tdr1p9d,85.16023306627822,101.27008066011103
tdr1php,59.10415149308085,34.410663667569345
tdr1pk1,69.31900946831755,84.59755008892706
tdr1pk3,78.44136926438456,76.36221449424252
tdr1pnc,50.43699927166788,76.37013120513838
tdr1pnu,70.53896576839038,61.077569580320514
tdr1pp1,64.85797523670794,69.96099976491011
tdr1pp4,68.00801165331391,85.96788667265209
tdr1pp5,61.99927166788055,71.46433205745574
tdr1pry,42.680262199563,57.03633585885948
tdr1q0n,1.1471230881281864,50.30303659893265
tdr1qbe,42.37072104879825,44.99392474530302
tdr1qbg,38.47414420975965,81.38600023590995
tdr1qbh,57.75673707210488,38.884560663156655
tdr1qbj,61.58048069919884,79.94993438401542
tdr1qc2,70.97596504005827,57.449913096914884
tdr1qc3,57.356154406409324,50.377307594116566
tdr1qc8,70.81209031318281,48.444273058857995
tdr1qc9,68.55426074289876,75.05393686392505
tdr1qcb,73.72541879096867,82.67600899562498
tdr1qdr,62.682083029861616,47.13014906873716
tdr1qdv,83.3211944646759,50.42073860336691
tdr1qdw,76.96649672250547,71.48167705630196
tdr1qdx,85.56081573197378,89.33970700228599
tdr1qdy,94.11871813546978,92.86930734983716
tdr1qeg,35.77931536780772,59.88899505568514
tdr1qej,78.38674435542607,79.7575464567731
tdr1qeq,62.49089584850692,46.676403603714604
tdr1qes,69.08230152949744,57.518800803325654
tdr1qeu,34.705025491624184,36.76719600115447
tdr1qf0,61.03423160961399,76.64239952740816
tdr1qmx,95.0109249817917,88.79004834595229
tdr1qmz,84.19519300801164,43.111297831706025
tdr1qnb,58.39402767662054,65.19565508798281
tdr1qnc,48.925710123816465,50.67373127361863
tdr1qpn,4.497450837581937,44.519951719019645
tdr1qqm,68.68171886380189,77.94964463773805
tdr1qqq,76.78441369264385,52.121616050646345
tdr1qqt,64.49380917698471,86.36441139398983
tdr1qqv,55.08011653313911,57.008178265085924
tdr1qrf,68.7727603787327,75.75513557630029
tdr1qs5,36.43481427530954,58.520429178563276
tdr1qsc,34.013109978150034,31.888404325897042
tdr1qt2,80.44428259286235,77.09488394901692
tdr1qt8,85.41514930808448,85.00993585362156
tdr1qt9,83.44865258557903,63.12171658116159
tdr1qtd,65.36780772032047,38.60318293961155
tdr1qtq,9.304442825928623,59.44047258162922
tdr1qv1,21.613255644573925,57.24977156570192
tdr1qwd,70.5753823743627,69.97248692409019
tdr1qwe,67.95338674435543,64.59136536227392
tdr1qwq,77.87691187181355,68.46667150445803
tdr1qws,76.3292061179898,72.95397658185996
tdr1qwt,78.8055353241078,63.52686679920511
tdr1qww,77.03932993445011,72.62186001984539
tdr1qwy,74.83612527312454,40.67431383988132
tdr1qx4,60.81573197378004,16.70453327119696
tdr1qxq,21.522214129643118,41.814595636554365
tdr1qy5,29.20611798980335,44.4176631920724
tdr1qy7,40.91405680990532,43.316818054966205
tdr1qyd,27.47632920611799,59.12453386439943
tdr1qye,32.15586307356154,53.04793561444733
tdr1qzg,16.332847778587038,55.15910511016151
tdr1r5k,48.57975236707939,93.80717207448988
tdr1re3,63.63801893663511,36.003262081751025
tdr1re9,64.8761835396941,36.51597493290131
tdr1rhw,35.99781500364166,55.801172119419036
tdr1rn8,29.169701383831026,60.06285287274624
tdr1rp2,39.038601602330665,68.41958686453513
tdr1rp8,42.0611798980335,68.2827654604801
tdr1rrr,66.87909686817189,77.97309892308533
tdr1rrv,48.561544064093226,58.81464673334411
tdr1rrw,76.91187181354697,53.26335385186174
tdr1rrx,69.02767662053897,82.16536736061843
tdr1rs1,69.84705025491624,84.48466208812916
tdr1rs3,60.906773488710854,72.59359178581619
tdr1rs9,60.36052439912601,64.51544077319438
tdr1rwg,54.09686817188638,75.17594402531441
tdr1rwt,53.80553532410779,60.147147665333065
tdr1rww,45.010924981791696,33.22896470520722
tdr1rx2,67.47997086671522,30.335934736235444
tdr1ry1,35.815731973780046,63.63871098475189
tdr1ry2,29.44282592862345,52.827821811618925
tdr1s5e,67.00655498907501,68.89735568055771
tdr1s5g,57.92061179898034,65.30263752529038
tdr1s6s,47.47815003641661,66.10161958409512
tdr1s6u,46.94100509832484,40.59170209413664
tdr1s76,22.17771303714494,65.40357467655718
tdr1s9n,65.6318281136198,83.59696758515682
tdr1s9q,57.738528769118716,45.40928841327071
tdr1sg7,25.655498907501823,66.79010146561997
tdr1shh,69.37363437727603,73.0874405843547
tdr1shm,60.52439912600146,73.93522839427601
tdr1shw,72.28696285506192,80.13066850307095
tdr1sj6,89.25710123816461,82.87546734363701
tdr1sj9,92.11580480699199,95.44415162526803
tdr1sm4,88.25564457392571,95.82648753872905
tdr1sm5,88.72906045156591,89.97324090351711
tdr1smw,95.35688273852877,89.90996884448556
tdr1smz,98.61616897305171,95.5512649344938
tdr1spm,74.34450109249818,73.79266473375684
tdr1spq,71.17625637290604,72.25123132936527
tdr1spr,71.2490895848507,73.72313618864571
tdr1srd,15.222141296431172,43.90340890573332
tdr1sw0,95.66642388929351,100.14533656713105
tdr1sw1,91.13255644573925,90.65527220541688
tdr1swe,94.50109249817918,98.917190170879
tdr1syc,77.6584122359796,83.53477883337439
tdr1sz4,76.17443554260743,75.3383271444081
tdr1szm,55.11653313911143,41.66085749616051
tdr1szr,73.52512745812089,94.4555210385528
tdr1szv,58.70356882738529,72.79143852407667
tdr1t2b,13.601602330662782,67.26076815910272
tdr1t2h,29.187909686817186,63.65136068568489
tdr1t2k,27.658412235979608,58.91787991424418
tdr1t2w,47.94246176256373,43.805089887413
tdr1t3k,77.00291332847779,83.43185572394482
tdr1t3n,67.2068463219228,46.96016310297543
tdr1t3p,78.62345229424618,64.88893117887595
tdr1t3s,77.34887108521485,78.43162806766924
tdr1t3t,80.42607428987618,67.3005480008432
tdr1t3u,78.91478514202477,78.42786043613123
tdr1t3w,66.13255644573925,73.48875553380206
tdr1t3x,65.2585579024035,42.81578394179798
tdr1t3y,66.0233066278223,70.68756295447682
tdr1t5d,61.05243991260014,71.47071314492678
tdr1t5f,60.70648215586307,65.99829740747073
tdr1t5v,78.56882738528769,56.52516903791667
tdr1t5w,44.683175528040785,48.26257826524298
tdr1t5x,47.68754552075746,43.411687598749644
tdr1t6n,56.80080116533139,75.83733944844596
tdr1t6q,53.29570284049526,79.83531620580429
tdr1t71,41.78805535324108,46.04005928995615
tdr1t73,40.78659868900218,56.02198464246998
tdr1t76,43.40859431900947,58.953056294074564
tdr1t77,18.754552075746542,60.72341884144929
tdr1t79,44.88346686088857,66.35625159088947
tdr1t7k,19.009468317552805,34.94719928379938
tdr1t7p,72.76037873270211,77.11786247582347
tdr1t7q,76.8572469045885,43.94752584643801
tdr1t7r,73.81646030589948,49.06800521068898
tdr1t7w,72.25054624908958,75.81784618124313
tdr1t7x,74.12600145666424,59.63179490441851
tdr1t7z,62.3088128186453,53.025534467040394
tdr1t82,59.15877640203932,63.72236666698713
tdr1t8b,84.26802621995631,80.26100193622919
tdr1t90,95.2476329206118,88.29650069951076
tdr1t92,85.81573197378005,88.7570908840107
tdr1t98,74.89075018208304,67.06293196793642
tdr1tb5,22.669337217771304,43.6509735497871
tdr1tc2,73.08812818645303,92.19652922890022
tdr1tcy,61.70793882010197,46.76672079206789
tdr1tcz,58.903860160233066,73.16538217141716
tdr1td0,60.61544064093226,68.36959344428669
tdr1tdj,29.552075746540424,72.46141029440005
tdr1tem,21.44938091769847,77.7536560486615
tdr1tfg,80.68099053168245,64.52283183297439
tdr1tfp,58.466860888565186,66.9182932197971
tdr1tfz,90.76839038601602,80.35266951419672
tdr1tg5,80.17115804806993,87.47334371751886
tdr1tgn,90.07647487254188,91.08198084689916
tdr1tgp,86.19810633648945,71.93048929164695
tdr1th4,60.96139839766934,68.33760816477967
tdr1th5,62.18135469774217,68.44056504100944
tdr1thj,81.84632192279679,80.85898917820315
tdr1thm,87.60014566642388,85.74088435283338
tdr1thn,85.92498179169702,64.486644166357
tdr1thq,80.37144938091771,64.90917832940139
tdr1thr,74.41733430444283,58.59197440599256
tdr1tht,84.04952658412236,85.85361108292034
tdr1thu,77.45812090313183,59.3527743414724
tdr1thw,95.72104879825201,61.19252536913704
tdr1tjn,14.038601602330663,66.19922156870174
tdr1tm3,19.41005098324836,57.24983816944777
tdr1tm5,40.386016023306624,53.349058143470444
tdr1tmc,36.4530225782957,63.695260399587504
tdr1tmh,38.45593590677348,75.4461622869044
tdr1tnf,63.82010196649672,75.38999667940443
tdr1tng,68.82738528769119,80.00125665062164
tdr1tnn,16.715222141296433,40.625202228918155
tdr1tnr,48.634377276037874,54.66702826977617
tdr1tnu,54.29715950473416,52.99951120675224
tdr1tny,54.22432629278951,58.31128428171469
tdr1tpm,42.753095411507644,63.20300576134126
tdr1tpq,51.78441369264385,69.10009610837972
tdr1tpr,97.42352512745812,54.63966086578946
tdr1tq7,52.931536780772035,85.72964789163571
tdr1tq8,39.60305899490167,45.97083943795036
tdr1tq9,87.18135469774218,53.56168505312814
tdr1tqd,63.18281136198106,65.82176741889037
tdr1tqf,89.14785142024763,68.68411406693463
tdr1tqk,59.55935906773489,60.19177551683406
tdr1tqm,55.73561544064093,60.768682107023714
tdr1tqn,65.24034959941733,32.17702132027228
tdr1tqp,75.43699927166789,72.27804390150416
tdr1tqq,49.05316824471959,57.47205816223708
tdr1tqr,67.69847050254916,38.028442024259505
tdr1tqs,69.99271667880554,63.47734695726488
tdr1tqu,55.86307356154406,74.98958143051314
tdr1tqv,71.83175528040786,91.01693710254685
tdr1tr0,95.22942461762564,72.69555087396732
tdr1tr1,93.88201019664967,93.32875279917664
tdr1tr3,96.44938091769846,79.6416383089463
tdr1tr4,95.99417334304444,95.46841003297563
tdr1tr5,77.69482884195193,54.03614777280991
tdr1tr6,95.73925710123817,93.13748601587021
tdr1tr7,90.67734887108521,54.13908070531618
tdr1tr9,97.59650400582666,64.88136032972893
tdr1trc,94.28259286234523,91.5098775180653
tdr1trd,90.00364166059724,73.69860961629738
tdr1trf,99.10779315367807,99.41677818269521
tdr1trg,89.98543335761107,83.98712389404945
tdr1trq,61.92643845593591,78.38806777895167
tdr1tru,92.5892206846322,91.31971815544327
tdr1trv,93.51784413692644,73.93276965793832
tdr1trw,76.69337217771303,40.178342355020895
tdr1trx,84.01310997815004,47.31312796017939
tdr1try,93.84559359067734,84.50604369579602
tdr1trz,92.93517844136926,81.79716634511308
tdr1ts9,55.64457392571013,27.56514565349685
tdr1tsc,52.31245447924253,70.24777321323856
tdr1tsg,30.26219956300073,67.79471621092331
tdr1tsq,55.97232337946103,50.092150241722614
tdr1tsw,53.241077931536786,74.57357887582829
tdr1tsx,53.31391114348143,65.09222931658998
tdr1tsy,55.82665695557174,56.63969637619667
tdr1tte,46.68608885651857,49.28817385772886
tdr1ttg,46.84996358339403,57.85642656175475
tdr1tu2,48.74362709395484,72.52982648058244
tdr1tu8,49.36270939548434,59.72996713951918
tdr1tv2,42.07938820101966,60.90272463540484
tdr1tv3,31.48215586307356,35.33358046261512
tdr1tvq,22.141296431172613,59.97085528720506
tdr1tvx,31.02694828841952,42.40518143543927
tdr1tvz,33.84923525127458,27.02925950748744
tdr1tw2,64.79424617625638,85.92090921700974
tdr1tw5,45.13838310269483,53.565507201791014
tdr1tw7,41.22359796067007,51.629293083600956
tdr1tw8,84.17698470502549,58.96826916231279
tdr1twb,72.70575382374362,80.2260092676054
tdr1twh,50.07283321194465,53.081451581574726
tdr1twk,48.50691915513474,49.82356993053115
tdr1twm,41.096139839766934,59.91718837841137
tdr1twv,29.788783685360524,60.73291100732342
tdr1tx0,72.06846321922797,77.08089220159559
tdr1tx3,65.56809905316825,63.855036253827684
tdr1tx8,61.289147851420246,89.30737042574827
tdr1tx9,62.472687545520756,71.88341276957016
tdr1txd,61.78077203204661,69.85879067007777
tdr1txg,43.62709395484341,83.51958050005116
tdr1txx,74.03495994173343,59.93479939220613
tdr1tz7,74.07137654770575,50.022441877177954
tdr1tz8,73.94391842680263,47.938754172138175
tdr1tz9,73.34304442825929,76.9864491403797
tdr1tzc,73.9985433357611,53.16269476854827
tdr1tzd,74.7632920611799,74.21820261812195
tdr1tzg,77.94974508375819,55.24749624755724
tdr1u27,74.45375091041515,83.26033039587954
tdr1u2e,82.22869628550619,63.64279606308812
tdr1u2j,82.46540422432629,79.92079909578372
tdr1u2k,93.11726147123089,89.30221506821796
tdr1u2m,93.04442825928624,64.76087413413138
tdr1u2n,82.72032046613256,81.74043485918082
tdr1u2p,81.42753095411508,73.98890746325378
tdr1u2s,81.57319737800437,76.01893078195629
tdr1u2u,79.07865986890022,82.6228845783277
tdr1u2v,92.22505462490895,63.07474175744288
tdr1u3h,84.5047341587764,65.56557213891232
tdr1u3k,79.20611798980335,64.2365507758705
tdr1u3m,69.10961398397669,61.36942087073926
tdr1u3t,70.44792425345958,81.9370069130412
tdr1u3w,80.31682447195921,52.25591779649167
tdr1u3z,73.17916970138383,54.727285297074445
tdr1u5w,18.809176984705026,65.7389483715123
tdr1u60,23.47050254916242,47.37384978855671
tdr1u61,28.696285506190822,42.48347188415749
tdr1u80,59.796067006554985,51.91945805255653
tdr1u81,56.245447924253455,46.36192823658455
tdr1u88,47.050254916241805,45.885781180200254
tdr1u89,37.39985433357611,40.728764167479135
tdr1u8d,38.51056081573198,38.81208904124223
tdr1u8f,46.194464675892206,49.020799167925766
tdr1u8j,66.46030589949017,59.473530344909705
tdr1u8m,42.2068463219228,42.26961019731008
tdr1u8n,66.09613983976693,68.47462472843557
tdr1u8p,95.26584122359796,73.0430712544948
tdr1u8s,31.336489439184266,50.67951470799792
tdr1u95,56.51857246904588,48.875420888717365
tdr1u97,57.53823743627095,54.17745200271368
tdr1u9f,86.65331391114348,89.32597192453646
tdr1u9g,86.38018936635106,82.52102162663152
tdr1u9s,96.41296431172614,76.84265891710005
tdr1u9u,83.94027676620539,81.44464178294625
tdr1u9v,88.98397669337218,72.37533116862271
tdr1u9w,84.122359796067,79.70892034510288
tdr1u9x,81.51857246904588,76.24646162285464
tdr1u9y,84.92352512745812,80.71756941095437
tdr1u9z,83.26656955571741,85.84018897191672
tdr1ub0,81.59140568099053,61.460699198247724
tdr1ub1,92.86234522942462,89.65103461885688
tdr1ub4,94.79242534595775,96.55798434430774
tdr1ud4,89.51201747997086,61.91309323560857
tdr1ud6,85.50619082301529,79.46937843195583
tdr1ud7,65.79570284049527,50.4084624674812
tdr1ud8,66.49672250546249,77.11366820590403
tdr1ud9,72.68754552075747,70.47825330801304
tdr1udd,80.7538237436271,65.6609917849714
tdr1udh,85.88856518572469,42.253473873400644
tdr1udm,47.32337946103423,60.53445123445913
tdr1udp,93.57246904588492,52.13168247261335
tdr1udt,39.29351784413693,62.321782530214335
tdr1udv,73.23379461034231,57.41837675824949
tdr1uej,78.64166059723235,82.70195469334101
tdr1uem,79.15149308084487,76.44727151961595
tdr1uet,75.56445739257101,79.95368787268258
tdr1ueu,70.70284049526585,36.68584557607968
tdr1uev,84.75965040058267,49.108463701388466
tdr1uf1,33.63073561544064,63.631127491362555
tdr1uf4,73.83466860888565,64.8677491261201
tdr1uf5,83.53969410050983,77.77307924783041
tdr1uf8,55.025491624180624,48.57091058501561
tdr1ufb,69.22796795338675,68.29575773232975
tdr1ufc,71.15804806991989,80.41863607654255
tdr1uff,93.918426802622,89.63797737820371
tdr1ufh,82.04661325564457,83.74215581979846
tdr1ufj,80.06190823015295,75.77906415648162
tdr1ufn,81.93736343772761,84.98069018401878
tdr1ufp,78.02257829570284,52.2894301427364
tdr1ug5,70.83029861616897,51.206425759645285
tdr1ug9,81.70975965040058,50.38700054376331
tdr1ugb,69.61034231609614,72.54827098866407
tdr1ugc,81.24544792425345,69.51202833791649
tdr1ugf,68.17188638018936,58.685988586567674
tdr1ugh,66.27822286962855,89.16364990429066
tdr1ugm,71.8681718863802,45.17982215470154
tdr1ugr,53.86016023306628,84.39712562200873
tdr1ugt,50.491624180626374,69.79265015417108
tdr1ugv,40.84122359796067,46.75694358245597
tdr1uh0,45.21121631463947,37.19000636875826
tdr1ukh,83.87654770575382,69.37298953865408
tdr1ukk,88.09176984705024,81.07381027437303
tdr1ukm,85.30589949016752,88.00886959595265
tdr1ukt,78.60524399126001,73.7345010759747
tdr1ukv,77.14857975236707,31.005625675031606
tdr1umj,76.03787327021122,72.92608683312302
tdr1umq,40.7319737800437,22.793194043550635
tdr1un7,76.82083029861617,78.29603694759787
tdr1uns,78.25928623452295,68.36329567610517
tdr1unu,89.85797523670794,82.4554775493733
tdr1uph,86.78077203204661,94.67555977443324
tdr1upt,97.85142024763293,87.13033570905534
tdr1upv,99.16241806263656,104.22814346643763
tdr1uqp,65.76839038601602,16.08341382383643
tdr1uqr,69.17334304442826,66.85563598992842
tdr1uqx,79.33357611070649,56.87191655370737
tdr1usj,66.05972323379461,50.98648666708589
tdr1usm,91.3510560815732,77.59634833780244
tdr1usn,75.83758193736344,61.40090186142462
tdr1usp,72.35979606700656,38.142334728846855
tdr1usq,98.30662782228697,88.93561727713326
tdr1usr,61.90823015294975,40.9799015580061
tdr1usw,98.01529497450836,96.06702732047144
tdr1usx,81.15440640932266,69.11879777429802
tdr1usy,98.65258557902403,93.99630572500078
tdr1utx,76.89366351056081,53.39883472258912
tdr1uty,91.58776402039331,16.48778311872734
tdr1uu1,79.1332847778587,59.775602820698396
tdr1uu3,68.22651128914785,59.95675888188168
tdr1uu4,69.46467589220686,68.40605615142252
tdr1uu6,67.64384559359068,47.410415257266436
tdr1uu8,70.52075746540423,78.18028101517903
tdr1uu9,70.1019664967225,77.94328152414457
tdr1uub,82.81136198106337,79.55014322657003
tdr1uuc,69.48288419519301,69.91422624725057
tdr1uud,50.8557902403496,66.47615007822343
tdr1uug,58.02986161689731,58.4055138818124
tdr1uuj,43.445010924981794,27.307067768222065
tdr1uum,36.47123088128186,56.710602629250275
tdr1uus,42.00655498907502,85.55217064924743
tdr1uv0,88.18281136198107,78.06968704294287
tdr1uv1,86.3073561544064,66.16812352903757
tdr1uv2,92.27967953386744,85.25692955043357
tdr1uv3,81.33648943918426,79.01983615035265
tdr1uv5,37.25418790968681,48.52767917771222
tdr1uv8,90.91405680990532,67.64879515048473
tdr1uv9,91.07793153678078,92.1206728876109
tdr1uvh,34.340859431900945,34.40492095930977
tdr1uvk,36.744355426074286,40.23262618159644
tdr1uvz,60.979606700655495,67.1189405795588
tdr1uw1,75.0,73.345551061814
tdr1uw2,71.97742170429716,66.68300255212932
tdr1uw3,73.6707938820102,23.759658620574598
tdr1uw4,79.64311726147123,66.0613981628237
tdr1uw5,95.02913328477786,83.05269645764992
tdr1uwh,88.9293517844137,85.43366065590239
tdr1uwj,91.26001456664238,83.7204035422939
tdr1uwm,89.38455935906774,84.50114724549461
tdr1uwn,97.94246176256372,91.61287457997244
tdr1uwp,89.78514202476329,72.04093883549682
tdr1uwq,89.31172614712308,86.63146973997416
tdr1uwt,86.4530225782957,83.74506415941775
tdr1uww,88.32847778587035,90.59094031957304
tdr1uwy,89.12964311726147,76.35582162768625
tdr1uxj,88.5469774217043,40.96550288238714
tdr1uxm,79.49745083758194,69.04198179859183
tdr1uxn,77.13037144938092,72.81144714071982
tdr1uxq,77.39439184268026,61.752235376471944
tdr1uxt,89.69410050983248,65.64295890537157
tdr1uxv,93.62709395484342,95.20467863783676
tdr1uy0,81.20903131828113,67.93235821972158
tdr1uy2,79.60670065549891,84.18200921452515
tdr1uy6,71.95921340131099,64.59847452354123
tdr1uy8,82.52002913328478,47.27372805589635
tdr1uyh,30.335032774945375,61.80421730383761
tdr1uyj,61.689730517115805,53.91141683544539
tdr1uz0,65.29497450837583,54.78729542371937
tdr1uz2,61.50764748725419,82.36435961121656
tdr1uz3,55.20757465404225,53.76537564369157
tdr1uz9,97.76037873270211,59.687047379896256
tdr1uzc,92.4435542607429,60.57226290971548
tdr1v0e,57.95702840495266,70.85736832061241
tdr1v0g,67.0611798980335,72.77940516047575
tdr1v0p,99.5265841223598,103.11010418162952
tdr1v0r,98.36125273124546,98.05507803729871
tdr1v0s,61.63510560815732,69.51811695595356
tdr1v0u,65.54989075018209,73.82483849189548
tdr1v0x,98.0517115804807,100.42057368431695
tdr1v0z,99.41733430444283,81.36060354230912
tdr1v1f,39.56664238892935,61.06079456881133
tdr1v1r,82.84777858703569,26.92631660846878
tdr1v1v,99.27166788055352,84.13941689714818
tdr1v1z,93.09905316824472,74.51355691552789
tdr1v20,89.42097596504006,90.61145411132038
tdr1v21,91.2053896576839,96.32719332402858
tdr1v22,89.23889293517844,77.36450864749358
tdr1v24,91.73343044428259,92.1594329421255
tdr1v25,95.19300801165332,91.44085450509233
tdr1v26,88.49235251274581,81.1126210572316
tdr1v28,96.52221412964312,95.1675272100738
tdr1v2b,97.21412964311726,93.30789701450915
tdr1v2c,89.05680990531683,61.544261001737546
tdr1v2d,78.4231609613984,87.37839253974882
tdr1v2e,79.24253459577567,73.05645666618688
tdr1v2f,75.91041514930808,70.74302015975474
tdr1v2g,75.21849963583394,76.27663099175365
tdr1v2h,83.41223597960669,76.77750062584973
tdr1v2j,93.19009468317553,89.29340584560953
tdr1v2m,87.25418790968682,57.38637210493199
tdr1v2n,86.03423160961398,89.51638362734408
tdr1v2p,86.61689730517116,75.90117020601689
tdr1v2q,89.09322651128915,72.2291641539377
tdr1v2r,89.62126729788784,85.04234215264222
tdr1v2u,60.72469045884924,58.79872654985377
tdr1v2v,41.2053896576839,17.187181276141395
tdr1v2x,75.7647487254188,41.052099063023306
tdr1v30,92.09759650400584,83.6620533173563
tdr1v31,91.24180626365622,79.25116517978392
tdr1v33,88.80189366351055,76.41993657568221
tdr1v39,90.82301529497451,64.7373370649403
tdr1v3b,94.22796795338675,86.57182221616354
tdr1v3c,91.18718135469774,77.94872860918878
tdr1v3d,88.96576839038602,81.2391943294807
tdr1v3e,88.47414420975966,90.328604511782
tdr1v3f,91.98834668608885,88.83287974189412
tdr1v3g,95.41150764748726,92.36542493952258
tdr1v3k,91.15076474872542,58.81754421099546
tdr1v3p,43.17188638018937,77.80524246927808
tdr1v3s,91.36926438455936,85.28581854020469
tdr1v3t,77.54916241806264,75.37546290711076
tdr1v3u,92.84413692643845,61.68612106258481
tdr1v3v,93.37217771303715,85.35120024726838
tdr1v3y,68.88201019664967,66.70189949805625
tdr1v4b,26.511289147851418,65.4688285965297
tdr1v4j,90.98689002184996,85.6743868100048
tdr1v4m,96.61325564457393,93.97167410621245
tdr1v4r,96.97742170429716,90.92338087788151
tdr1v4t,96.92279679533867,97.05259850793868
tdr1v4v,98.81646030589948,74.50447197905439
tdr1v4w,95.92134013109978,72.20941248674102
tdr1v4x,96.95921340131099,94.76309258021256
tdr1v4y,97.48725418790968,82.42348730606021
tdr1v4z,97.77858703568828,70.73927513995548
tdr1v52,55.498907501820824,69.85578834262508
tdr1v5n,80.18936635105608,79.52950068568035
tdr1v5p,97.15950473415877,84.3299916877474
tdr1v5y,54.898033503277496,58.23243561553772
tdr1v60,97.56008739985434,97.90829520951992
tdr1v61,93.99126001456665,84.53480181364021
tdr1v62,97.17771303714494,98.57736161910685
tdr1v63,92.18863801893663,83.5790662502801
tdr1v64,93.97305171158048,85.05511177141497
tdr1v65,95.50254916241806,81.75769712765401
tdr1v66,94.59213401310997,87.3736528145915
tdr1v67,98.63437727603788,90.88748415995869
tdr1v68,90.71376547705754,92.29592808478198
tdr1v69,93.13546977421704,75.90828381865641
tdr1v6b,93.26292789512017,93.09814690426174
tdr1v6c,93.49963583394027,79.95280478149846
tdr1v6d,92.2068463219228,79.86160703471744
tdr1v6e,90.47705753823743,78.69479034779656
tdr1v6f,90.65914056809905,87.89520887525975
tdr1v6g,87.92789512017481,85.30761314905597
tdr1v6h,97.70575382374362,72.4776591397032
tdr1v6j,96.90458849235252,94.87661080476131
tdr1v6k,98.72541879096867,96.05457364477027
tdr1v6n,86.28914785142024,92.92604752784035
tdr1v6q,75.3823743627094,73.00951985027183
tdr1v6s,96.75892206846322,85.76458158093371
tdr1v6t,85.66096139839767,53.53859950949468
tdr1v6u,90.2585579024035,74.92142861676088
tdr1v6v,96.35833940276765,80.87745516564377
tdr1v70,95.84850691915513,85.43546993806935
tdr1v71,97.8150036416606,82.11059613603196
tdr1v72,93.90021849963584,79.34377903625445
tdr1v73,78.18645302257829,63.78167267678588
tdr1v74,96.30371449380918,56.07482116909671
tdr1v75,96.3401310997815,71.54415275781986
tdr1v79,69.5375091041515,69.4666588147601
tdr1v7b,54.11507647487254,69.60912748292468
tdr1v7d,60.196649672250544,78.33071599806163
tdr1v7e,65.71376547705754,59.9425529868473
tdr1v82,87.70939548434086,48.872358356092384
tdr1v89,69.41005098324837,72.37724757171135
tdr1v8b,55.62636562272396,75.10626836306223
tdr1v8d,65.09468317552805,72.76342997735492
tdr1v8f,62.76402039329935,73.61263708875806
tdr1v8t,60.88856518572469,78.98715093825754
tdr1v8w,59.66860888565185,65.64254416721266
tdr1v9h,30.935906773488707,57.3479929658393
tdr1v9m,43.080844865258555,44.771558895543926
tdr1v9q,65.89584850691915,71.83750023823012
tdr1v9r,87.87327021121631,73.1857934373668
tdr1v9w,58.06627822286963,63.039936375871
tdr1vbd,46.70429715950473,71.09564497708101
tdr1vbg,75.87399854333576,81.33543150890601
tdr1vc2,77.96795338674436,84.27045888522123
tdr1vc3,87.10852148579752,75.62314341541615
tdr1vc4,86.10706482155864,66.56827667428101
tdr1vcd,26.256372906045154,63.487404010696004
tdr1vcp,71.3401310997815,83.671772592367
tdr1vcq,86.9810633648944,78.9021500502903
tdr1vcr,87.16314639475601,89.81063512867294
tdr1vcx,73.87108521485798,64.5932241819265
tdr1vcz,63.83831026948289,70.11942416941059
tdr1vd6,53.58703568827386,71.15766890470255
tdr1vd7,77.62199563000728,57.70531601191108
tdr1vdc,38.09176984705026,60.84547237089894
tdr1vdk,73.68900218499635,67.42611459411889
tdr1vds,77.76766205389659,58.76004548453305
tdr1vdu,64.93080844865258,57.031264495709095
tdr1vdv,59.99635833940277,79.55691345432996
tdr1ve1,41.64238892935179,54.906291658949364
tdr1ve4,37.436270939548436,66.94494248180439
tdr1vef,6.5731973780043695,43.61434622319273
tdr1vej,59.28623452294246,52.38823642124946
tdr1ven,51.58412235979607,35.61190475721286
tdr1ver,39.020393299344505,36.69564673059715
tdr1vey,20.87581937363438,67.27393235961748
tdr1vf4,25.546249089584848,42.673548624298355
tdr1vfh,36.87181354697742,63.12282687063934
tdr1vfj,26.96649672250546,61.47900859754632
tdr1vfu,80.97232337946103,78.07701392285878
tdr1vfv,80.29861616897304,68.5516624130431
tdr1vfy,84.61398397669338,57.73782983639276
tdr1vfz,86.92643845593591,88.0283082955432
tdr1vg0,86.96285506190823,61.91467658564887
tdr1vg1,82.9388201019665,89.65357088108647
tdr1vg3,84.4136926438456,71.84765698443624
tdr1vg5,80.20757465404225,51.07108829161063
tdr1vg6,89.22068463219229,71.53146399874868
tdr1vg7,86.67152221412965,67.51227724717371
tdr1vgd,77.64020393299344,68.43301115322483
tdr1vge,94.57392571012382,63.340453382583036
tdr1vgg,86.01602330662782,90.53763565243389
tdr1vgh,74.6176256372906,80.91081658932838
tdr1vgj,89.34814275309542,82.17657170893276
tdr1vgk,93.64530225782957,78.79180662577711
tdr1vgm,88.67443554260743,82.04319236542034
tdr1vgn,93.71813546977423,66.78341311606972
tdr1vgp,88.07356154406409,79.60565625458862
tdr1vgq,83.84923525127458,65.11030644276381
tdr1vgr,88.00072833211945,89.94607764234101
tdr1vgs,85.08739985433358,87.16928304160902
tdr1vgt,85.17844136926438,92.4573855893032
tdr1vgu,93.93663510560816,60.010561290645526
tdr1vgw,95.64821558630736,95.43171991496209
tdr1vgx,94.33721777130371,71.84342588889014
tdr1vgy,84.57756737072106,85.20028477599554
tdr1vgz,77.98616168973052,55.42143737326357
tdr1vhp,63.20101966496723,63.96180047844575
tdr1vhq,66.40568099053168,59.30608482839366
tdr1vhr,71.44938091769846,75.7382785489866
tdr1vhv,72.32337946103424,66.44080910245427
tdr1vhw,77.67662053896576,55.99730945469019
tdr1vhx,76.62053896576839,75.44933300550825
tdr1vhy,71.52221412964312,71.34387629951497
tdr1vhz,71.74981791697014,57.231950459360505
tdr1vj7,53.45957756737072,68.94048895823445
tdr1vjg,58.539694100509834,54.84971469167567
tdr1vjj,68.918426802622,59.187252551019604
tdr1vjm,87.61835396941005,66.12991082938848
tdr1vjq,74.70866715222141,65.15988511033882
tdr1vjr,50.10924981791697,65.51917120575237
tdr1vjt,76.63874726875454,82.57583374398818
tdr1vju,86.48943918426802,43.01604361724187
tdr1vjv,76.65695557174071,77.11785191616612
tdr1vjy,77.02112163146396,57.855777407762936
tdr1vk0,67.18863801893663,78.17850111721165
tdr1vk3,45.9577567370721,68.81764855197522
tdr1vk6,48.25200291332848,56.440856060228725
tdr1vk8,68.33576110706481,58.203361750763136
tdr1vkb,68.46321922796795,74.81851897237256
tdr1vkh,50.29133284777859,77.22941164334391
tdr1vkk,49.59941733430444,72.02102330384615
tdr1vkm,56.80080116533139,49.434429845799734
tdr1vm0,78.69628550619082,55.31548021371877
tdr1vmz,58.68536052439912,82.43699503019177
tdr1vn5,72.8150036416606,76.7056012579911
tdr1vn7,87.36343772760378,65.62008845435686
tdr1vng,67.9715950473416,47.08413584068148
tdr1vnh,91.40568099053168,74.42431150614833
tdr1vnj,79.00582665695556,77.83081299470268
tdr1vnk,85.85214857975237,79.90277966014635
tdr1vnm,83.77640203932994,83.00477663356114
tdr1vnq,83.99490167516387,63.656013177577975
tdr1vns,81.35469774217043,67.40597358988775
tdr1vnt,83.63073561544064,82.62133918493231
tdr1vnu,78.6598689002185,70.29299124219102
tdr1vnv,84.99635833940276,76.32342500870695
tdr1vpe,80.01638747268754,72.45764545503741
tdr1vph,65.31318281136198,69.00701410002526
tdr1vpj,65.96868171886379,74.60404131626551
tdr1vpm,77.43991260014566,69.38713993789897
tdr1vps,83.92206846321922,75.27895791894885
tdr1vpt,84.06773488710853,77.7412888251795
tdr1vpu,88.7836853605244,49.25609512197704
tdr1vpv,85.43335761107065,81.88187967757403
tdr1vqh,49.45375091041515,57.324112039510524
tdr1vqm,51.63874726875455,58.047745883684364
tdr1vqn,78.27749453750911,65.40132927721446
tdr1vqp,64.83976693372178,59.187536142866314
tdr1vqq,77.23962126729789,45.31298951453766
tdr1vrg,69.35542607428987,78.51406809182191
tdr1vrs,60.37873270211216,67.45854651156382
tdr1vsf,85.99781500364166,78.20335964066831
tdr1vsk,41.569555717407134,58.068399155865
tdr1vss,45.28404952658413,50.688866542269295
tdr1vst,45.2476329206118,73.10830605008171
tdr1vt4,84.59577567370721,91.86520375036405
tdr1vt5,85.39694100509833,61.715538549985595
tdr1vt6,83.10269482884195,83.76371718231157
tdr1vtd,74.38091769847051,68.66068167897869
tdr1vte,74.65404224326294,70.73416494598189
tdr1vtn,20.81209031318281,61.34682764528881
tdr1vtr,23.0517115804807,40.50303271518765
tdr1vu3,64.76693372177714,60.30161308676022
tdr1vu9,67.33430444282592,81.62980057719439
tdr1vud,72.23233794610341,74.51672055736194
tdr1vue,57.13765477057539,56.73655898187019
tdr1vuf,74.69045884923526,71.9169800648177
tdr1vug,81.68244719592134,64.87884233714415
tdr1vuj,74.78150036416606,30.958887342133867
tdr1vuk,36.52585579024035,47.32858280306414
tdr1vum,38.10997815003642,63.616786306804514
tdr1vun,86.3619810633649,68.52151789026401
tdr1vus,46.12163146394756,50.39369550599398
tdr1vvr,53.51420247632921,66.4729216567041
tdr1vwz,32.738528769118716,39.24358255104102
tdr1vxm,51.4748725418791,58.83746485749321
tdr1vxq,40.695557174071375,55.388980629514414
tdr1vxt,37.34522942461763,58.451812090405575
tdr1vxv,34.12235979606701,47.91713288289985
tdr1vy2,32.08302986161689,17.773982504566415
tdr1w04,51.54770575382375,42.81200240597897
tdr1w06,76.36562272396212,82.75767029189353
tdr1w0z,65.79570284049527,79.47301102301434
tdr1w10,95.63000728332119,91.5930891277143
tdr1w11,98.23379461034231,90.44174199773128
tdr1w13,94.13692643845593,90.13933467026541
tdr1w19,94.44646758922069,69.43642989078072
tdr1w1c,92.42534595775673,92.7611920720833
tdr1w1p,75.30954115076474,43.10432696573506
tdr1w21,63.85651857246904,94.23476116238595
tdr1w26,63.69264384559359,74.5018396252119
tdr1w27,52.75855790240349,37.49357573018248
tdr1w2b,73.47050254916242,86.5204148104344
tdr1w30,71.59504734158776,61.161494979683965
tdr1w31,73.59796067006556,40.79973038525764
tdr1w33,61.59868900218499,62.23991857365141
tdr1w41,91.49672250546249,79.40808356617134
tdr1w4b,92.40713765477058,89.54806352649572
tdr1w4e,79.67953386744355,91.16681088818257
tdr1w4g,68.48142753095412,71.28924148583505
tdr1w4h,36.63510560815732,66.98684255819806
tdr1w4k,60.579024034959936,50.12856599077078
tdr1w4m,68.80917698470502,68.59596794785966
tdr1w4s,80.58994901675163,59.494051111679084
tdr1w4u,79.8980335032775,70.51788705714196
tdr1w4v,88.12818645302258,87.80064959301218
tdr1w4w,77.84049526584123,69.11041868698692
tdr1w4y,81.28186453022577,85.27495719109861
tdr1w4z,84.28623452294246,67.70141631989358
tdr1w54,46.01238164603059,84.00070733499813
tdr1w59,19.42825928623452,59.45679580971413
tdr1w5p,97.83321194464676,76.96647618982324
tdr1w65,8.539694100509832,67.98732021342784
tdr1w67,8.576110706482156,59.45428809419282
tdr1w79,59.46831755280408,72.00659641908639
tdr1w7n,31.35469774217043,61.58167558794109
tdr1w7t,38.36489439184268,38.19648173673165
tdr1w8f,59.95994173343044,70.68005951196045
tdr1w8g,53.55061908230153,79.61369518739271
tdr1w94,49.016751638747266,50.02322099070987
tdr1w96,64.40276766205389,62.48409845407185
tdr1w9f,72.97887836853604,69.34534370190991
tdr1wd1,74.10779315367807,67.20888531725426
tdr1wd2,71.74981791697014,27.684279038700655
tdr1wd3,70.8667152221413,61.46504401497367
tdr1wd4,81.09978150036416,86.35976335790733
tdr1wd8,62.36343772760379,59.37220281188805
tdr1wj8,31.44573925710124,30.33667251970543
tdr1wjb,32.57465404224326,49.346785411057894
tdr1wk4,36.8353969410051,53.714385062727025
tdr1wk5,23.088128186453023,46.67508248854039
tdr1wxm,48.6707938820102,64.87136376534679
tdr1wxq,42.58922068463219,62.891051123906344
tdr1wxs,55.753823743627095,71.07809397641407
tdr1wxt,45.55717407137655,59.586258784367104
tdr1wyg,74.74508375819373,47.51252069311371
tdr1wz3,71.84996358339403,85.60793584113837
tdr1wz5,75.05462490895849,77.07778505351095
tdr1wz6,87.65477057538237,96.68611480976958
tdr1wz7,76.31099781500365,66.58291375818679
tdr1wzb,74.2352512745812,87.15484224112109
tdr1wzk,75.96504005826657,79.77111010164987
tdr1wzm,89.0203932993445,70.19481776661216
tdr1wzn,90.78659868900219,99.13905907328025
tdr1wzq,90.22214129643118,95.26274439448643
tdr1wzw,76.76620538965769,66.88880333780149
tdr1x02,36.54406409322652,60.717138022250595
tdr1x08,37.454479242534596,63.85024792138363
tdr1x24,44.93809176984705,65.19066209961035
tdr1x26,44.75600873998543,61.41322651785655
tdr1x2k,34.92352512745812,66.34109079753883
tdr1x2t,27.49453750910415,49.124299778787666
tdr1x2x,46.267297887836854,65.93074790107777
tdr1x2z,39.785142024763296,43.864507988464695
tdr1x8b,51.52949745083758,57.056027690465314
tdr1x8c,74.01675163874727,68.86765051706183
tdr1x91,84.15877640203932,66.48511987145513
tdr1x94,82.48361252731246,92.33000955709791
tdr1x95,81.70975965040058,68.80373421325456
tdr1x97,87.01747997086672,72.15987060709416
tdr1x9k,76.72978878368536,84.97436869448903
tdr1x9m,76.47487254187911,80.77935298341069
tdr1x9s,77.25782957028406,74.35580997834928
tdr1x9t,84.70502549162417,62.36735272626754
tdr1x9w,65.33139111434815,53.206581562895266
tdr1x9x,84.32265112891479,46.570996906678104
tdr1xbz,88.29206117989803,79.5829698667611
tdr1xc8,84.3590677348871,62.5741897631101
tdr1xcb,93.02621995630007,91.13185167641755
tdr1xcc,92.69847050254916,89.16879746042352
tdr1xcp,93.59067734887108,97.43268702519647
tdr1xcr,97.06846321922797,99.54148372687028
tdr1xcx,91.29643117261472,73.56848073591975
tdr1xcz,97.68754552075747,91.66199081460665
tdr1xf0,92.24326292789512,83.14549548423706
tdr1xf1,98.48871085214857,96.00315571468818
tdr1xf4,98.56154406409323,98.59267016992018
tdr1xf6,99.50837581937363,100.41677795068063
tdr1xf7,99.36270939548434,97.82695530612754
tdr1xfe,99.49016751638747,92.97305744130678
tdr1xfj,96.12163146394757,81.83794294612436
tdr1xfk,95.8667152221413,82.9058088399936
tdr1xfm,95.30225782957028,85.14264193160136
tdr1xfn,99.28987618353969,87.35658648158473
tdr1xfp,95.83029861616897,74.4289290761448
tdr1xfs,96.32192279679533,85.57523784361662
tdr1xft,96.59504734158776,88.86954657542941
tdr1xfu,99.6176256372906,97.19031481510346
tdr1xfv,97.39621267297888,94.1882715520944
tdr1xfy,97.35979606700656,89.62965636724236
tdr1xgj,95.81209031318281,86.43187878469121
tdr1xgn,99.39912600145666,97.46399811322205
tdr1xgr,99.67225054624909,91.67067011488548
tdr1xgx,99.8543335761107,95.67744380899288
tdr1xp4,75.27312454479242,76.07357146583588
tdr1xp5,73.63437727603788,92.80552921519933
tdr1xph,69.57392571012382,64.9197076770398
tdr1xpn,62.89147851420248,78.30769076927412
tdr1xqu,46.558630735615445,55.5344404362426
tdr1xrh,46.06700655498908,50.87114827143035
tdr1y08,18.663510560815734,63.58909497200696
tdr1y11,38.82010196649672,66.5829570396283
tdr1y14,26.675163874726877,83.17574310021519
tdr1y18,68.5360524399126,77.61833084086992
tdr1y19,61.270939548434086,58.57174640044243
tdr1y1b,67.98980335032775,75.51239868295617
tdr1y1c,67.27967953386744,55.316162979182195
tdr1y1d,48.998543335761106,56.05720685115689
tdr1y1f,43.1536780772032,59.30512205786795
tdr1y1r,68.02621995630007,71.92625843343856
tdr1y1s,80.95411507647488,66.84162393869114
tdr1y1t,80.09832483612527,82.69587309522332
tdr1y1u,85.14202476329206,87.13363392722653
tdr1y1v,84.90531682447195,86.69453991487636
tdr1y1w,80.77203204661325,88.70875890206993
tdr1y1x,82.59286234522942,85.25778639672065
tdr1y1y,89.36635105608157,88.47492250198262
tdr1y32,71.39475600873999,49.14531627990802
tdr1y38,82.5564457392571,78.79241257919199
tdr1y39,65.14930808448652,74.19671655117465
tdr1y3c,75.03641660597232,83.90078286914154
tdr1y3d,76.29278951201748,71.70726437893364
tdr1y3g,65.84122359796068,85.00753241497303
tdr1y3t,49.7632920611799,60.57535062359185
tdr1y3u,75.89220684632193,63.512593177009194
tdr1y40,73.78004369992716,88.0079291736024
tdr1y49,89.76693372177714,63.298047442610525
tdr1y4c,93.17188638018936,81.7200732573834
tdr1y4g,91.84268026219956,41.354858939918984
tdr1y4j,72.79679533867444,81.25264541652265
tdr1y4u,80.80844865258557,74.60987668687397
tdr1y4v,69.7742170429716,65.61591082192
tdr1y50,89.49380917698471,88.59882802776335
tdr1y51,92.57101238164603,90.4065041700019
tdr1y52,89.45739257101238,82.73080649294641
tdr1y53,92.17042971595048,81.3599599346554
tdr1y54,93.42680262199563,94.72757635765235
tdr1y55,92.98980335032775,62.4323711703472
tdr1y56,93.33576110706481,88.71276793828032
tdr1y57,91.71522214129642,88.55921241014937
tdr1y58,86.25273124544792,65.86027509471865
tdr1y59,92.47997086671522,74.66001316717323
tdr1y5b,84.81427530954116,54.269817043467285
tdr1y5d,93.68171886380189,71.37238259800985
tdr1y5h,72.92425345957757,56.23442690015112
tdr1y5j,71.5768390386016,62.87530914381682
tdr1y5k,94.7742170429716,68.10812804259665
tdr1y5s,76.14712308812818,49.374793964954485
tdr1y61,82.64748725418791,91.34041603268332
tdr1y6j,79.6613255644574,82.46563869548012
tdr1y6q,88.91114348142753,73.04718191697567
tdr1y6x,98.06991988346687,95.49175339076257
tdr1y6z,97.65112891478515,86.56911327019533
tdr1y7p,95.39329934450109,72.30901346618369
tdr1y92,75.01820830298617,87.17481292360903
tdr1y99,77.49453750910416,83.07882947679622
tdr1y9h,59.68681718863802,43.66222651354404
tdr1y9j,59.19519300801165,70.60299691848371
tdr1y9n,88.1646030589949,88.23489029638867
tdr1y9p,89.58485069191552,91.100513532078
tdr1yb0,87.89147851420248,80.09749960909099
tdr1yb2,90.69555717407137,89.25687987699484
tdr1yb8,91.04151493080846,80.15856115715604
tdr1ybb,79.35178441369264,64.59696538461402
tdr1ybv,98.68900218499635,85.94520367714827
tdr1yby,85.10560815731974,82.72074870719065
tdr1ybz,73.761835396941,68.196902417616
tdr1yc0,80.28040786598689,89.85853645089158
tdr1yc1,92.04297159504733,72.58900021130204
tdr1yc4,94.5375091041515,73.76124602227316
tdr1yc5,94.61034231609614,84.12451895051531
tdr1ych,96.2490895848507,81.02145668250074
tdr1ycj,99.2352512745812,95.45744963938772
tdr1yck,96.83175528040786,82.59931883623923
tdr1ycm,98.59796067006556,99.81506342782303
tdr1ycs,96.03058994901676,91.31846007200362
tdr1ydb,97.523670793882,81.04838778655709
tdr1ydt,59.24981791697014,61.57585059753402
tdr1ydw,79.36999271667881,86.04079170154425
tdr1ydx,87.96431172614713,83.94126245682556
tdr1ye0,95.68463219227968,76.32888399526857
tdr1yf8,81.1361981063365,88.57766949474893
tdr1yfb,75.60087399854334,59.01793620801906
tdr1yfc,67.51638747268754,47.91253870472158
tdr1yff,43.936635105608154,48.129919500293454
tdr1yg0,61.96285506190823,81.97694359194331
tdr1yg8,58.211944646758916,67.09968252596148
tdr1yh0,62.85506190823015,40.74829663242002
tdr1yh9,51.62053896576839,62.43302710835586
tdr1yhg,11.307356154406408,33.076925355923265
tdr1yhr,37.527312454479244,59.92950097912194
tdr1yj2,68.13546977421704,65.28029730767926
tdr1yj3,71.54042243262928,67.09408447600805
tdr1yj5,37.19956300072833,42.392922184058385
tdr1yj9,63.801893663510555,65.41997295368472
tdr1yjd,60.41514930808448,59.39081410059988
tdr1yjf,59.97815003641661,48.546755780801675
tdr1yjg,70.72104879825201,55.15579004131227
tdr1yjs,69.1551347414421,60.21881334625629
tdr1yjt,70.13838310269482,71.25967084695856
tdr1yju,68.09905316824472,78.36726398716269
tdr1yjw,72.60560815731974,63.08141809054903
tdr1yjy,41.47851420247633,59.09253190772344
tdr1yjz,26.839038601602333,33.55527486391186
tdr1yk0,48.525127458120906,78.80308296543654
tdr1yk2,40.44064093226511,57.94450912499744
tdr1yn1,39.093226511289146,66.0882157104504
tdr1yn4,41.04151493080845,67.99885071084734
tdr1ynd,69.06409322651129,82.52890210954885
tdr1yne,78.40495265841224,59.11074452859407
tdr1yng,72.41442097596504,66.26772724611152
tdr1ynj,62.32702112163147,62.45091749108091
tdr1ynt,8.248361252731245,68.78588140060616
tdr1ynw,10.214857975236708,59.8008895574801
tdr1yqd,8.849235251274582,42.789130030536086
tdr1yqk,41.250910415149306,54.16700593250915
tdr1yqs,37.21777130371449,77.91681391857368
tdr1yr9,41.69701383831027,67.12132811739801
tdr1yrf,29.697742170429713,38.47616071242624
tdr1ywf,18.335761107064823,57.59549064020867
tdr1z0s,89.29351784413693,70.14298812467443
tdr1z0t,79.73415877640204,46.81948933601222
tdr1z1k,86.89002184996359,94.3868483479552
tdr1z1m,93.29934450109249,75.42717221458186
tdr1z1s,98.32483612527312,77.01266757235096
tdr1z4b,22.742170429715948,40.5581819554989
tdr1zes,21.795338674435545,64.5088828123076
tdr1zfx,98.10633648943919,92.6115382358344
tdr1zfz,98.37946103423161,98.1774805923827
tdr1zj0,84.38638018936635,89.57284221718756
tdr1zj1,82.57465404224327,75.06791839331241
tdr1zjn,67.13401310997816,46.807028205105716
tdr1zjr,69.59213401310997,65.69516980023484
tdr1zm2,71.88638018936635,65.67024161975377
tdr1zm3,75.40058266569557,65.73237266422336
tdr1zm8,76.0014566642389,64.84973461930835
tdr1zme,99.94537509104151,75.58375025268647
tdr1zmg,99.69045884923526,99.9041498440924
tdr1zmu,99.90895848506919,97.64952233609465
tdr1zmv,100.0,101.7962688179774
tdr1zqh,99.14420975965041,69.73896524813127
tdr1zqj,99.98179169701383,95.04263943369213
tdr1zqn,99.81791697013838,90.00646996230802
tdr1zqq,98.16096139839767,65.90227177273866
tdr1zr0,7.975236707938819,53.109396282454775
tdr1zuf,48.543335761107066,62.41651866986013
tdr1zuh,40.60451565914057,20.001197464507694
tdr1zvy,95.75746540422433,91.7198715380316
tdr1zvz,94.41005098324837,93.4505781706293
tdr1zw6,94.0094683175528,50.84174563742592
tdr1zw8,97.26875455207575,52.54816519278196
tdr1zw9,95.9577567370721,76.50544474795322
tdr1zwd,99.70866715222141,98.61755111423646
tdr1zwe,99.21704297159505,100.39038768328575
tdr1zwf,94.82884195193007,70.4715478002405
tdr1zxr,89.639475600874,42.776488347202616
tdr1zy6,57.5564457392571,69.68217248355764
tdr1zy7,56.48215586307356,54.735468451617095
tdr1zyn,82.11944646758921,36.75640553903024
tdr1zz2,94.8652585579024,57.00699266986081
tdr1zz8,94.51930080116533,90.56828666114073
tdr1zz9,96.68608885651857,91.3002726375364
tdr1zzf,79.38820101966498,55.5554959030839
tdr32ec,50.63729060451566,60.16275843925743
tdr32ed,57.01019664967225,67.30824737569101
tdr32ef,57.57465404224327,51.528449252782025
tdr32j8,35.76110706482156,53.68096894785845
tdr32j9,36.94464675892207,57.90709557162792
tdr32jn,30.043699927166788,62.64739010859461
tdr3333,66.86088856518573,86.43668410028864
tdr3840,91.0233066278223,100.7158518777579
tdr3842,93.7727603787327,90.0775917180096
tdr3851,92.33430444282592,46.39650237195982
tdr3852,99.01675163874727,92.51505520662587
tdr3853,99.45375091041515,98.9478224426695
tdr3855,93.79096868171887,43.14867246901633
tdr3856,98.85287691187182,97.8306138883657
tdr3857,92.95338674435543,76.1568552649613
tdr3858,99.96358339402768,100.69120506343523
tdr385b,96.43117261471231,70.02792415753484
tdr385h,85.70648215586307,86.35196924499353
tdr385j,85.28769118718135,81.65522001854299
tdr385n,84.44100509832484,75.61809918551212
tdr38h1,97.42352512745812,96.87853747165978
tdr38h3,90.16751638747269,90.43003694194095
tdr38h6,90.84122359796068,82.96713752770528
tdr38h9,96.1034231609614,88.47446452742896
tdr38hd,97.97887836853604,92.94131989995398
tdr38hf,98.5797523670794,86.11549847033041
tdr38j4,98.74362709395484,78.64774474251706
tdr38j6,99.56300072833211,89.05586477393442
tdr38j7,99.78150036416606,93.61837286842575
tdr38je,99.58120903131828,102.70532239641061
tdr38jg,99.54479242534596,96.35946751823232
tdr38ne,97.99708667152221,85.5613858809715
tdr38ns,99.18062636562273,96.9876994477976
tdr38nt,98.25200291332847,92.87435764715687
tdr38nu,98.34304442825929,99.67260129111821
tdr38nw,97.63292061179898,82.81790964809623
tdr38ph,98.08812818645303,88.45929647205413
tdr38pk,96.01238164603059,84.75442938203332
tdr38ps,57.15586307356154,43.70734588711806
tdr38q9,25.98324836125273,71.03451124207265
tdr38qw,88.58339402767662,91.01775791716572
tdr38qy,87.90968681718864,85.67682655363457
tdr38rn,83.37581937363437,74.1283437443309
tdr38rp,78.86016023306628,72.89344282440824
tdr38rr,66.58776402039331,80.70428043518271
tdr38rx,73.19737800437,69.30481634760807
tdr38rz,92.9715950473416,66.88859899995552
tdr38t2,97.92425345957757,81.66944521432978
tdr38t8,98.21558630735615,96.77924141966272
tdr38tb,98.2884195193008,98.31452430214188
tdr38w8,72.72396212672979,78.88001967249
tdr38xb,85.0327749453751,76.35699824569198
tdr38yd,50.163874726875456,69.14610345323985
tdr38zg,66.22359796067006,80.15453512217523
tdr395m,84.94173343044427,81.6091194475966
tdr39hj,68.97305171158048,91.7482920082494
tdr3b0u,77.93153678077203,88.79885658568952
tdr3b15,72.86962855061908,78.09905663277286
tdr3b2p,87.19956300072833,24.724457611152086
tdr3b2t,33.539694100509834,52.11527751281272
tdr3b2w,45.50254916241806,36.008072964853184
tdr3b2x,62.7822286962855,77.08921324885135
tdr3b37,98.39766933721778,89.19182100215261
tdr3b3e,98.1427530954115,91.44865252781436
tdr3b3g,78.20466132556446,70.18703217553185
tdr3b3h,90.877640203933,82.60166449274242
tdr3b3k,92.02476329206118,95.16808355769861
tdr3b41,82.21048798252004,88.11079047558074
tdr3b48,88.20101966496723,81.87673361868396
tdr3b4b,96.15804806991989,68.11456666024284
tdr3b65,79.77057538237436,74.63134588558644
tdr3b6f,44.91988346686089,65.71128401669837
tdr3b6s,57.7931536780772,55.72170445292486
tdr3b6t,63.5469774217043,72.64158391713102
tdr3b79,50.182083029861616,71.86426243850757
tdr3b7c,62.23597960670065,82.60280232604089
tdr3b80,83.70356882738528,84.37567605691925
tdr3b82,86.43481427530955,82.62007232047375
tdr3b88,83.46686088856518,69.2217779967396
tdr3bj8,96.79533867443554,95.82710474352481
tdr3bj9,95.5753823743627,94.64038639293163
tdr3bjb,96.06700655498908,88.79339462142555
tdr3bjd,95.46613255644574,83.70917660493605
tdr3bk6,52.585579024034956,41.48061961697922
tdr3bks,24.289876183539693,38.38392612806332
tdr3bmr,51.056081573197375,57.285969370733255
tdr3bpb,99.92716678805536,73.33777629755338
tdr3bpc,98.54333576110706,75.94989264916245
tdr3br6,8.394027676620539,48.1700957720394
tdr3bu5,77.1849963583394,54.086831747567786
tdr3buh,86.16168973051711,83.57073752866187
tdr3buj,86.56227239621266,60.746709993231924
tdr3buk,86.8353969410051,82.46149002363917
tdr3bum,94.66496722505462,80.72481786517864
tdr3bxh,85.23306627822286,84.41126870592291
tdr3c0r,67.77130371449381,72.57617778002857
tdr3c0z,72.21412964311726,62.46320282435567
tdr3c1p,79.69774217042972,78.04044523846122
tdr3c5u,75.1456664238893,89.1753818372323
tdr3c6b,46.08521485797524,36.803549613123685
tdr3c79,58.8856518572469,66.76910845454925
tdr3cqv,45.97596504005826,40.23802557104979
tdr3crj,37.090313182811364,28.39285548007259
tdr3crk,50.2367079388201,59.741112247418435
tdr3crv,44.227967953386745,50.338918676511575
tdr4535,13.911143481427532,47.4107105883368
tdr453h,15.030954115076476,30.51816176236338
tdr458w,17.971595047341587,69.89916867333888
tdr45rr,70.66642388929351,90.22431384980531
tdr45rt,42.607428987618356,62.97529791393565
tdr45vz,82.0284049526584,94.75549636480731
tdr45wv,45.61179898033503,54.849729582424246
tdr45wy,56.190823015294974,59.59964036871723
tdr45wz,56.937363437727605,78.10348273079529
tdr45x2,63.47414420975965,69.70587595154961
tdr45x4,54.62490895848507,58.726112706660274
tdr45xx,51.16533139111434,39.62069818570438
tdr45yh,36.58048069919884,79.13898635393748
tdr45yk,49.07137654770575,56.90582650121427
tdr469t,32.246904588492356,40.65979154286485
tdr46c1,44.10050983248362,62.621199478330354
tdr4720,29.888929351784416,52.26504067044997
tdr478x,25.091041514930808,64.29653368411938
tdr4h0j,98.50691915513474,93.17166796208748
tdr4h1r,86.99927166788055,95.2505773131077
tdr4h32,97.45083758193736,62.97014750191241
tdr4h38,98.4340859431901,93.37912192031293
tdr4h3b,98.45229424617625,101.72539356315217
tdr4h3c,97.1048798252003,87.88225502509381
tdr4h4q,59.0313182811362,43.336860204376
tdr4h60,92.77130371449381,82.79656049304572
tdr4h61,91.05972323379461,49.76829966449924
tdr4h69,73.98033503277495,97.90483067657587
tdr4h6n,26.493080844865258,36.79925196949791
tdr4h7y,95.52075746540423,102.62162302865919
tdr4h7z,91.31463947560088,83.53857607055028
tdr4h80,48.87108521485797,55.47890330607259
tdr4h81,46.576839038601605,61.762181723218625
tdr4h83,52.11216314639475,44.93775523177816
tdr4h8h,82.97523670793882,51.64690549359845
tdr4h8j,81.75528040786598,77.2479707177034
tdr4h8m,93.48142753095412,87.5873012168817
tdr4h8q,92.89876183539694,74.39562771052265
tdr4h8w,91.56955571740714,94.19611849161798
tdr4h8x,83.43044428259286,87.39683005835293
tdr4h8z,87.39985433357612,71.97323546296205
tdr4h9w,46.04879825200292,48.49901025260676
tdr4hb1,90.27676620538966,91.77836960087848
tdr4hb3,87.43627093954844,81.33927101669825
tdr4hb4,90.80480699198836,77.57348971899988
tdr4hb5,85.61544064093226,58.793613176099754
tdr4hb6,92.55280407865986,61.00444387160334
tdr4hb9,86.6897305171158,85.78921836387988
tdr4hbb,87.4544792425346,79.54235147998264
tdr4hbc,87.05389657683904,87.19369721738964
tdr4hc1,86.39839766933721,61.2827856847784
tdr4hc3,81.11798980335033,89.43347904322262
tdr4hc6,90.14930808448652,97.05591348107342
tdr4hcg,73.39766933721778,59.51633980950747
tdr4hcu,80.4624908958485,89.56428493612582
tdr4he3,87.03568827385287,75.1829129407444
tdr4he8,91.9155134741442,87.29861401630677
tdr4he9,64.32993445010925,71.97200051919168
tdr4hf0,59.43190094683175,72.28901997690065
tdr4hf4,58.50327749453751,58.14870238019838
tdr4hf5,74.96358339402768,82.64981999467791
tdr4hk5,93.2083029861617,90.53834285135001
tdr4hk7,83.83102694828843,67.09958915026773
tdr4hkd,43.09905316824472,51.58485572643455
tdr4hkh,89.32993445010925,96.19682352622291
tdr4hkj,97.88783685360525,98.55687124938618
tdr4hm7,21.5768390386016,27.16289005100036
tdr4hpu,41.91551347414421,73.82060052752375
tdr4hue,88.05535324107792,64.34162693670801
tdr4hug,96.4857975236708,85.79143651744428
tdr4hus,85.9796067006555,81.13715619828548
tdr4hxz,63.619810633648946,63.54337718256401
tdr4hzb,63.56518572469045,79.7066456390182
tdr4j0h,84.30444282592863,76.62304774137445
tdr4j0j,87.3088128186453,92.69245510806182
tdr4j2h,51.12891478514202,64.77975857859165
tdr4j2w,42.91697013838311,73.71051644889667
tdr4j5v,75.54624908958485,84.2477232336774
tdr4j5w,68.95484340859433,66.95626659859165
tdr4j5x,70.22942461762564,67.95907041954493
tdr4j6x,73.41587764020393,55.32261528653994
tdr4j6z,63.14639475600874,87.25123488271457
tdr4j77,54.44282592862345,79.1163416786509
tdr4j78,63.58339402767662,60.762873587108004
tdr4j79,61.16168973051711,47.97030637364324
tdr4j7d,56.418426802621994,57.49185022074647
tdr4j7e,45.66642388929352,53.87079208091953
tdr4j7p,64.69410050983248,65.648723261672
tdr4j7u,42.49817916970138,33.5936640401317
tdr4j9s,21.394756008739986,46.20527891863896
tdr4j9u,32.71121631463947,52.63926151252956
tdr4jdm,52.75855790240349,57.359425976928684
tdr4jdt,55.55353241077932,35.89767700038057
tdr4jdv,56.900946831755284,60.00387474652953
tdr4je2,55.91769847050255,59.46655265652918
tdr4je8,37.509104151493084,70.10222160227491
tdr4jej,58.557902403496,49.413076079798266
tdr4jen,54.36999271667881,34.512813358564046
tdr4jh2,14.475600873998543,24.60101760389642
tdr4jm0,24.326292789512017,39.74289861338205
tdr4jm2,33.448652585579026,44.13994053364682
tdr4jpj,35.65185724690459,53.928625639081844
tdr4jpn,56.91915513474144,32.044863560460186
tdr4jpp,83.90386016023307,51.80601565572593
tdr4jr0,73.48871085214857,76.93261921102558
tdr4jr1,76.9482884195193,79.7050213185729
tdr4jr3,81.2272396212673,82.22193159752545
tdr4jr6,78.7509104151493,53.84274895389663
tdr4jsd,87.32702112163146,62.639989238681366
tdr4jsf,86.05243991260014,86.02200950854387
tdr4jt4,84.97815003641661,81.8180094144116
tdr4jt6,86.32556445739257,49.158971399297045
tdr4jt7,88.401310997815,50.790568878493595
tdr4jtf,48.81646030589949,40.67659920879073
tdr4jtg,37.873270211216315,51.46686791735582
tdr4jw5,48.36125273124544,43.379853571212664
tdr4jw7,36.343772760378734,70.81850644472516
tdr4jxt,61.343772760378734,74.8793009315006
tdr4jxv,77.85870356882738,89.87636599978504
tdr4k2d,57.77494537509105,53.33435285602589
tdr4k2e,27.203204661325564,48.05348591040627
tdr4k5p,15.549890750182083,44.01830388796905
tdr4k8g,40.294974508375816,70.10623153000878
tdr4k8u,40.276766205389656,58.631209805356114
tdr4k95,40.54989075018208,57.690632306555884
tdr4k9h,37.96431172614712,61.58966598118365
tdr4ktk,31.609613983976693,62.292392718429134
tdr4m33,40.31318281136198,68.55685420874521
tdr4m39,43.044428259286235,51.21394882410592
tdr4m6u,8.812818645302258,21.933702026064093
tdr4m7r,84.23160961398398,37.18569474066969
tdr4m8m,25.60087399854333,57.42834776490642
tdr4m8w,46.995630007283324,45.00057023565574
tdr4m93,51.092498179169695,30.112089919588566
tdr4m99,80.53532410779314,66.16988991408186
tdr4m9c,78.16824471959214,62.20529531342031
tdr4m9h,57.50182083029861,62.2580686412875
tdr4m9j,61.25273124544792,66.46360403257763
tdr4m9m,55.790240349599415,61.20386916412118
tdr4m9v,74.25345957756737,67.72156395938131
tdr4md0,83.0298616168973,56.13069633327704
tdr4md1,76.38383102694829,85.14846542316728
tdr4md4,84.77785870356882,63.05470008185828
tdr4md5,83.72177713037145,79.8591616010516
tdr4mdh,76.52949745083758,83.52095319838891
tdr4mdv,72.65112891478515,54.529246466870504
tdr4mdw,65.95047341587764,29.50521251717072
tdr4me1,86.87181354697742,47.06287685225304
tdr4me2,87.6911871813547,48.34358568281339
tdr4me3,84.08594319009468,82.72280325494576
tdr4me6,86.0706482155863,54.91239887733265
tdr4me9,83.95848506919154,84.96386414022442
tdr4med,86.50764748725419,82.41474499253437
tdr4mee,94.64675892206846,41.34780154125355
tdr4meg,85.19664967225054,46.794191376695
tdr4mej,59.04952658412236,69.42078462275317
tdr4mem,60.041879096868165,41.41705657554591
tdr4mes,65.65914056809905,60.53955394137163
tdr4met,67.38892935178441,81.0522245580468
tdr4mxq,59.86890021849963,36.78748285158687
tdr4mxw,57.283321194464676,73.42548869356514
tdr4mxy,59.231609613983984,55.31262767025615
tdr4n2v,44.79242534595776,68.15544703231143
tdr4ndt,32.92061179898034,45.72050913884236
tdr4ndw,31.136198106336487,58.51645132936391
tdr4ndx,36.03423160961398,64.87221960792205
tdr4nk7,40.53168244719592,60.468392281361474
tdr4nkg,67.42534595775673,49.73059364869232
tdr4nks,56.646030589949014,52.39428641111335
tdr4nku,64.38455935906774,66.09973573353918
tdr4nkw,45.37509104151493,16.593789322565193
tdr4nm5,67.73488710852149,54.30844788545107
tdr4nmh,68.66351056081574,46.159598562750574
tdr4nqy,15.276766205389658,49.87661605972121
tdr4nx8,18.42680262199563,30.015862104458222
tdr4p4s,17.33430444282593,26.994691356910273
tdr4pbj,98.9985433357611,83.72429120549566
tdr4pbn,99.79970866715222,94.95798363335093
tdr4pbp,99.89075018208304,101.46817856671495
tdr4pbq,92.53459577567371,63.49421412020573
tdr4q7j,28.368536052439914,51.485926232446154
tdr4qee,58.99490167516388,81.28125585765876
tdr4qtv,43.827385287691186,66.17878328621572
tdr4qty,44.57392571012382,66.11023681187696
tdr4r18,25.072833211944644,34.07724994095981
tdr4t0x,27.184996358339404,52.94581850952085
tdr4t29,30.025491624180628,64.43570267483564
tdr4t2d,16.5877640203933,46.5410216435958
tdr4t2r,5.06190823015295,35.927686088206706
tdr4t7f,12.308812818645302,52.53395156420501
tdr4t8d,33.50327749453751,75.4300745160517
tdr4tb3,81.88273852876911,79.39976543812021
tdr4tb4,68.93663510560816,78.73334861581078
tdr4tb6,72.56008739985434,69.16345825856723
tdr4tb8,84.68681718863802,88.18180314083833
tdr4wh3,17.534595775673704,39.495965650964465
tdr4whf,32.52002913328478,61.699681224783916
tdr4whx,34.45010924981792,18.815502969383232
tdr4ws6,87.7822286962855,51.27519591182514
tdr4ws9,90.89584850691915,92.50100735842503
tdr4wsb,91.00509832483613,85.77191139729204
tdr4wsc,86.81718863801893,87.8820471487282
tdr4y0z,49.30808448652586,74.688438500149
tdr4zxu,95.53896576839038,89.49512317714974
tdr4zxv,86.90823015294976,78.8079610199312
tdr4zxy,77.78587035688274,61.01889896658089
tdr4zxz,57.45630007283321,67.28518191628599
tdr5nc5,99.72687545520758,75.20899939103951
tdr5nc7,96.54042243262928,97.97037357132876
tdr5nck,97.14129643117262,96.55935962795053
tdr5ncs,99.59941733430443,89.63505008080739
tdr5p8h,95.42971595047341,94.25395586340598
tdr5p8j,90.04005826656956,52.7165232476626
tdr5p8k,95.93954843408594,94.72976661972626
tdr5p8n,88.6926438455936,38.85356023014151
tdr5p8p,57.45630007283321,43.85415954147035
tdr5p8s,94.97450837581938,85.06195066377286
tdr5p8t,88.21922796795339,79.51981420091816
tdr5p8v,82.39257101238164,62.51018779335975
tdr5p9j,81.26365622723962,67.08248928439761
tdr5p9m,55.061908230152945,59.68961539479322
tdr5pb1,46.81354697742171,51.714267161439494
tdr5pb4,43.353969410050986,55.52431358833937
tdr5pb5,44.1551347414421,29.175795309865922
tdr6000,99.34450109249818,96.87795656809489
tdr6001,99.83612527312454,90.8417985012963
tdr6003,99.7632920611799,100.62623146733623
tdr6009,97.86962855061908,81.16812747246342
tdr600d,95.55717407137655,72.95898060016059
tdr6061,25.96504005826657,74.8768886865024
tdr60e6,18.28113619810634,57.676712012002405
tdr60vj,57.62927895120175,86.15509332978536
tdr612n,34.8871085214858,32.94274444348559
tdr61nz,78.33211944646759,93.54076780755125
tdr61qb,79.4701383831027,90.24140869162284
tdr6382,63.51056081573198,79.52888755005029
tdr6389,49.23525127458121,48.021296332396794
tdr638d,50.7101238164603,64.70997811371276
tdr727h,42.95338674435543,68.17678203393669
tdr727j,28.15003641660597,42.62598800932207
