gh6,impact_mean,impact_max,n,lat,lon
tdr0zu,46.91369264384559,51.839038601602326,6,12.8115798,77.69420854
tdr0zv,71.75371969618145,76.21995630007284,147,12.819017648516418,77.6886850043334
tdr0zw,70.4539936877883,72.17771303714494,10,12.82548069777778,77.68306140444444
tdr0zx,69.37818645302258,73.85287691187182,22,12.82926995,77.68170669375
tdr0zy,73.82374362709395,80.49890750182082,34,12.822656611695908,77.685912242807
tdr162,23.94391842680262,23.94391842680262,2,12.87840735,77.4453044
tdr167,29.165149308084487,30.872177713037146,3,12.8966853,77.4533692
tdr16e,30.872177713037146,30.872177713037146,1,12.8963282,77.4548149
tdr16m,29.715950473415877,29.715950473415877,1,12.9035725,77.4498397
tdr16u,29.024034959941737,29.024034959941737,2,12.9013385,77.46745385
tdr179,6.04515659140568,6.04515659140568,1,12.8838377,77.5019219
tdr17b,22.104879825200292,22.104879825200292,1,12.8778133,77.517105
tdr17j,42.625637290604516,42.625637290604516,2,12.90589455,77.47567065000001
tdr17n,52.84352998300559,66.62418062636563,91,12.912187818869507,77.48296676478836
tdr17p,48.42194707453265,55.57174071376547,23,12.915875538703068,77.48192838766055
tdr17q,53.769118718135466,53.769118718135466,12,12.913967458333333,77.48684205833334
tdr17r,49.28077203204661,51.89366351056081,2,12.9160046,77.49010365000001
tdr17u,13.27385287691187,13.27385287691187,1,12.9026833,77.5190814
tdr17v,9.70502549162418,15.495265841223599,4,12.904077483333333,77.51164366666666
tdr17x,23.707210487982522,27.804078659868903,43,12.91692000008525,77.50023299215687
tdr17y,10.35748968196164,14.976329206117988,13,12.911922422222224,77.51367682962963
tdr17z,11.644209759650401,12.909686817188637,4,12.916352466666666,77.51417853333334
tdr1db,30.826656955571742,30.826656955571742,1,12.9234668,77.4728372
tdr1e0,13.055353241077931,17.753095411507648,8,12.924360985714285,77.48504554285714
tdr1e1,36.05243991260015,36.05243991260015,1,12.9258225,77.4767094
tdr1e2,35.95912235979607,44.246176256372905,6,12.922842375,77.49501492499999
tdr1e6,22.268754552075748,26.18353969410051,15,12.934292636111113,77.4902692138889
tdr1e7,14.340859431900947,17.78951201747997,60,12.939320129683793,77.4930334580896
tdr1e8,29.465586307356155,29.998179169701384,12,12.92512810909091,77.49888950454545
tdr1e9,27.06664238892935,32.59286234522942,6,12.92764305,77.5018118
tdr1eb,7.706664238892936,20.520757465404223,10,12.921712916666667,77.51505518166667
tdr1ec,45.46067006554989,53.56882738528769,19,12.927230626362626,77.5148498027805
tdr1ed,34.24981791697014,34.24981791697014,1,12.9315757,77.5063069
tdr1ef,63.1351896464788,78.47778587035688,329,12.934435065386586,77.51537269614418
tdr1eg,64.0810876426317,70.02913328477786,47,12.936637303421051,77.51761990526317
tdr1ej,4.888929351784413,7.75673707210488,4,12.951536125,77.47970255
tdr1ek,15.713765477057539,20.830298616168974,31,12.944237785497835,77.49311404621211
tdr1em,12.577385287691186,16.997450837581937,10,12.950476614977637,77.49214215028603
tdr1er,16.114348142753094,16.114348142753094,1,12.958585,77.495605
tdr1et,7.65659140568099,17.643845593590676,19,12.94920366829949,77.50213390197712
tdr1ex,18.894149065307115,30.38965768390386,27,12.960861611111111,77.50407799583333
tdr1ey,88.55426074289876,95.97596504005827,367,12.956892132920625,77.51834038396714
tdr1ez,73.98883224083515,92.88055353241079,502,12.960676414193717,77.51354566764562
tdr1fk,35.32410779315368,38.76547705753824,5,12.988616575,77.44862462500001
tdr1fu,42.798616168973055,46.54042243262928,30,12.988315102992424,77.47337133335228
tdr1g3,7.055717407137655,8.448652585579024,10,12.970014322222223,77.49426685
tdr1g5,24.520514688031074,35.87035688273853,48,12.985338176754405,77.48241757916192
tdr1g6,5.626365622723962,6.026948288419519,3,12.9766975,77.48810209999999
tdr1g7,5.680990531682447,5.680990531682447,1,12.9858377,77.4867645
tdr1g8,12.419200655498907,57.21048798252003,20,12.96732263625,77.503509771875
tdr1g9,41.819919883466866,64.79424617625638,108,12.971322417905983,77.50437537988249
tdr1gb,33.8628914785142,61.762563729060446,19,12.967514581597221,77.50969393611112
tdr1gc,29.59759650400583,65.38601602330662,92,12.972724008984102,77.51146725624564
tdr1gf,26.161193140435675,50.564457392571015,45,12.977474193867243,77.51293765666668
tdr1gg,35.906773488710854,44.86525855790241,7,12.98134406,77.51305008666667
tdr1gh,44.40094683175528,44.992716678805536,7,12.986569374999998,77.4769876
tdr1gk,20.56627822286963,57.52002913328478,24,12.98758842989418,77.49024455443121
tdr1gm,21.86817188638019,21.86817188638019,1,12.9960719,77.4896285
tdr1gn,23.2656591405681,23.752731245447926,2,13.00044755,77.4836845
tdr1gq,13.003004369992716,23.752731245447926,43,12.999609796451614,77.48888123021506
tdr1gr,11.161689730517116,11.161689730517116,4,13.004302675,77.4876964
tdr1gs,59.476511289147844,70.40240349599416,391,12.989697724606483,77.5036888839272
tdr1gt,48.77397426559844,52.530954115076476,7,12.992238258333332,77.50684174166666
tdr1gu,50.80723476571983,59.63219227967953,163,12.987586027804744,77.51591205243399
tdr1hj,32.201383831026945,38.273852876911874,58,12.861115507024154,77.52942684809662
tdr1hm,35.16478514202476,40.677348871085215,7,12.863636825,77.5320472
tdr1hq,39.96115562029619,51.14712308812819,57,12.867636406543209,77.53547786813932
tdr1hr,38.221829154094266,47.013838310269485,66,12.873276862964621,77.53914249193909
tdr1hx,47.3112405923768,54.46103423160962,44,12.874940577925136,77.54255072689382
tdr1jd,19.892571012381644,22.487254187909684,3,12.845160024999998,77.588044175
tdr1je,21.425710123816458,35.03277494537509,20,12.851380394444444,77.5883447311111
tdr1jp,3.729667394998786,5.835761107064822,22,12.871656346296296,77.56905759259259
tdr1jq,8.73998543335761,11.10706482155863,2,12.868056,77.57849485
tdr1jr,15.85032774945375,16.29643117261471,2,12.87241525,77.58354474999999
tdr1js,21.76195678562758,25.036416605972324,65,12.857232527794649,77.58930794309812
tdr1jt,20.347778587035688,20.347778587035688,6,12.86090215,77.58992536666666
tdr1jw,15.226693372177712,19.09140568099053,5,12.866636725,77.5920970125
tdr1jx,62.30577810148094,75.20029133284778,81,12.873929540901448,77.5945462430746
tdr1jz,60.560815731973776,64.16605972323379,6,12.87429713,77.5993682
tdr1k0,26.52949745083758,26.52949745083758,1,12.8762617,77.5292786
tdr1k2,28.641660597232338,28.641660597232338,1,12.8760097,77.5308781
tdr1k3,22.22323379461034,22.22323379461034,1,12.8865023,77.5380934
tdr1k7,20.101966496722508,20.101966496722508,1,12.8931845,77.537668
tdr1k8,34.739418952820266,54.26074289876184,82,12.87871564114084,77.54592869045845
tdr1k9,25.450005202372285,32.319737800437,46,12.883312833437897,77.54855133044002
tdr1kb,4.74629764505948,6.873634377276037,4,12.878712533333333,77.55527295
tdr1kc,36.66241806263656,55.53532410779315,21,12.886038639958258,77.55877790525939
tdr1kf,50.812090313182814,53.44136926438456,283,12.888548884033558,77.56245060494393
tdr1kg,27.124302015052194,40.13109978150036,12,12.894425950154286,77.55787653971653
tdr1kj,66.75163874726876,66.75163874726876,1,12.9048421,77.5299793
tdr1km,46.12072104879825,61.835396941005094,65,12.907062463759,77.53656100952766
tdr1kp,7.999514445253702,10.5517115804807,9,12.9165255,77.52059215238096
tdr1kq,63.346686088856515,63.346686088856515,2,12.9099655,77.5345151
tdr1kr,37.65477057538237,37.65477057538237,1,12.9196589,77.541364
tdr1ks,74.59031318281136,74.59031318281136,2,12.9017575,77.54437315
tdr1kt,71.60187545520758,92.26147123088128,159,12.906951924774138,77.54531681876055
tdr1ku,15.695557174071375,15.695557174071375,1,12.89948,77.5587867
tdr1kv,49.2898761835397,49.2898761835397,5,12.90590408,77.55817878
tdr1kw,87.68338362293206,92.0611798980335,132,12.91118448281939,77.54972455114088
tdr1kx,43.13546977421704,43.13546977421704,23,12.919232017484331,77.54214150797652
tdr1ky,32.643845593590676,89.11143481427531,9,12.911873265262113,77.55761282871703
tdr1kz,29.565731973780046,82.24690458849236,21,12.916545841071429,77.55828293928572
tdr1m1,23.434085943190098,55.3714493809177,17,12.88605191818182,77.56905658181819
tdr1m4,44.07420895039249,63.29206117989803,55,12.890209990760164,77.56772797515539
tdr1m5,33.5882495751396,42.88055353241078,88,12.89474709597563,77.56929345854176
tdr1m6,8.856518572469046,13.255644573925709,10,12.890928392000001,77.581178196
tdr1m8,57.36707938820101,68.84559359067734,222,12.878512020887436,77.59548650055106
tdr1m9,21.261228453508135,31.809905316824473,87,12.883212116306444,77.59603312317604
tdr1mb,45.68690823015295,63.98397669337218,131,12.878346619583333,77.59854293270834
tdr1mc,14.395686655337057,27.112163146394757,71,12.88459231428676,77.59953918129601
tdr1md,7.744598203447438,11.689730517115805,12,12.889513133333333,77.59351533611111
tdr1me,29.52779800922554,31.300072833211946,12,12.895493431944445,77.58604463194445
tdr1mf,26.890628793396456,45.90313182811362,14,12.89037917777778,77.60047168749999
tdr1mg,36.43481427530954,47.97887836853605,180,12.89559070382362,77.60022602485732
tdr1mh,28.584000971109493,33.658048069919886,12,12.900343693417597,77.57275321580164
tdr1mj,27.133102694828843,37.545520757465404,77,12.906760772696888,77.57111864783974
tdr1mm,19.871879758988282,40.85943190094683,42,12.906282438434344,77.58020277656566
tdr1mn,37.820162660840005,59.48652585579024,194,12.912243804247908,77.57123545133352
tdr1mp,45.78720563243506,78.71449380917699,464,12.91709969314898,77.57000341555262
tdr1mq,31.589888322408353,59.122359796067,116,12.91114909218806,77.58001595797201
tdr1mr,52.77724537125772,78.09541150764748,269,12.917658537575795,77.57984899060034
tdr1ms,38.96446779731558,53.69628550619082,122,12.90125419621832,77.58940602915494
tdr1mt,29.357675335246988,43.517844136926435,155,12.906110003078751,77.5910466116261
tdr1mu,27.49817916970138,33.04806991988347,11,12.90009299,77.60309946499999
tdr1mv,70.37053896576839,78.1318281136198,563,12.906879811212994,77.60113535466836
tdr1mw,34.075538445531166,67.9169701383831,196,12.910856990297384,77.58957878385777
tdr1mx,58.52148579752367,87.14493809176986,181,12.917077798562955,77.59035414505587
tdr1my,61.04879825200292,80.35324107793154,372,12.912858096217803,77.60242319979345
tdr1mz,65.01982681880716,89.18426802621995,115,12.917285692316284,77.60044071051588
tdr1nc,81.20599660111678,96.26729788783686,1574,12.841556577371966,77.64610390364682
tdr1nd,92.82592862345228,92.82592862345228,1,12.8433688,77.6386788
tdr1nf,92.70757465404225,97.23233794610341,86,12.844408371207493,77.6462714377036
tdr1nj,9.70502549162418,9.70502549162418,1,12.8614371,77.6134364
tdr1np,4.879825200291333,4.879825200291333,20,12.875832485,77.61689526
tdr1nr,10.752002913328477,10.752002913328477,1,12.8744178,77.618489
tdr1nv,21.758922068463217,21.758922068463217,5,12.85995896,77.64767945999999
tdr1nx,7.092134013109978,8.63073561544064,9,12.87490030625,77.640015825
tdr1nz,43.4981184753581,63.765477057538234,165,12.87411670509649,77.64661200901755
tdr1p1,54.30626365622724,71.72250546249089,22,12.839975806250001,77.65360343750001
tdr1p3,1.8617989803350328,3.5688273852876913,13,12.840605529166666,77.663759675
tdr1p4,28.450473415877642,35.23306627822287,6,12.846219049999998,77.65743609
tdr1p5,58.30298616168973,58.30298616168973,47,12.8509053,77.65745645744681
tdr1p6,39.01128914785142,73.37946103423161,11,12.846009564737596,77.66883895274066
tdr1p8,66.49065307113376,77.36707938820102,34,12.835810362345677,77.6795010462963
tdr1p9,80.53532410779316,87.80043699927167,296,12.840260853837721,77.67668647758808
tdr1pc,43.52694828841952,47.54187909686817,5,12.842599033333332,77.686904675
tdr1pd,79.4246176256373,79.4246176256373,1,12.8457393,77.6809993
tdr1pf,87.85506190823014,87.85506190823014,7,12.8436577,77.6878322142857
tdr1ph,59.10415149308085,59.10415149308085,29,12.854323651724139,77.6621129448276
tdr1pj,35.07829570284049,67.82592862345228,8,12.861736266666664,77.65936601666667
tdr1pk,77.02567370721049,82.62927895120174,84,12.855507276045508,77.66449450031394
tdr1pn,56.688516630250064,70.53896576839038,145,12.868993659340427,77.65617576061898
tdr1pp,58.64530225782958,70.64821558630736,240,12.87166007015154,77.65501530467799
tdr1pr,39.6243020150522,42.680262199563,58,12.87525792015173,77.67011691367946
tdr1ps,62.81864530225783,62.81864530225783,1,12.8549912,77.6745914
tdr1pt,76.08339402767662,76.08339402767662,4,12.860889875,77.674689425
tdr1q0,6.579266812333091,10.624544792425345,38,12.877721602444444,77.61223987911112
tdr1q1,3.4959941733430444,5.189366351056082,7,12.88280734,77.609839005
tdr1q2,9.506554989075017,18.11726147123088,7,12.8783925,77.62638111333334
tdr1q4,15.84122359796067,15.84122359796067,1,12.889229,77.6107718
tdr1q5,15.877640203932994,15.877640203932994,1,12.8940914,77.6096705
tdr1q6,12.017479970866715,12.017479970866715,1,12.8900118,77.6257564
tdr1q7,6.9889536295217285,11.343772760378732,13,12.894814980555557,77.62305307777778
tdr1q8,8.825824576006658,14.912600145666424,15,12.879077514145182,77.63804128823047
tdr1q9,33.21700250869952,70.19300801165332,29,12.884644320506792,77.63736824068805
tdr1qb,44.668001942218986,67.75309541150764,258,12.879320129778607,77.64479955118252
tdr1qc,48.67876001456664,73.72541879096867,370,12.88393365409882,77.64487422398166
tdr1qd,72.89603058994902,94.11871813546978,505,12.89050716350656,77.63728706356353
tdr1qe,66.70460063122117,90.13109978150037,445,12.894740065471593,77.63655026260905
tdr1qf,30.959080977289283,68.62709395484342,141,12.88902741614096,77.64564642939352
tdr1qh,14.12357368293275,16.05972323379461,4,12.89982845107508,77.61463270593805
tdr1qj,9.0616654527798,11.270939548434086,5,12.906392211111111,77.61259913333333
tdr1qk,29.91472444768148,82.53823743627095,48,12.901086396296298,77.62473707638888
tdr1qm,83.40768390386016,97.30517115804807,331,12.90607382229455,77.62785201705125
tdr1qn,35.09536598689002,58.39402767662054,163,12.911911070744255,77.6103731821577
tdr1qp,34.17113203620851,60.25127458120904,74,12.917064129372276,77.61210263410658
tdr1qq,67.55826656955571,89.16605972323379,315,12.911779799440662,77.62592319532767
tdr1qr,34.80699198834669,73.88929351784414,98,12.917478934438474,77.62339635194343
tdr1qs,33.87427166788055,38.656227239621266,85,12.900701560760877,77.6338537377605
tdr1qt,47.54187909686817,85.41514930808448,574,12.906507056764157,77.63474073951035
tdr1qu,19.840980820587518,37.74581209031319,42,12.900560055588093,77.64667981544859
tdr1qv,22.968762644654852,36.89002184996358,52,12.90647580116402,77.64586991079365
tdr1qw,71.97489277332686,84.72323379461034,1549,12.91172934803044,77.63512696726019
tdr1qx,35.1399238052552,67.60742898761836,142,12.91642607243378,77.6355399820458
tdr1qy,29.686930990531682,78.11361981063365,181,12.911521699924371,77.64481996252576
tdr1qz,17.630839662886277,23.015294974508375,49,12.917460347802196,77.64388337417583
tdr1r0,19.73780043699927,28.851056081573194,2,12.87932975,77.6550373
tdr1r1,10.979606700655498,10.979606700655498,1,12.8863523,77.6562061
tdr1r2,44.314457392571015,49.98179169701384,13,12.8779689325,77.67185778875
tdr1r3,49.90895848506919,49.90895848506919,1,12.8817929,77.6731186
tdr1r5,43.44501092498179,48.57975236707939,67,12.894896752205932,77.65755631964748
tdr1r6,34.21340131099782,39.71230881281865,25,12.890042542976111,77.66958706632202
tdr1re,68.11043335761107,76.25637290604516,60,12.895863111941964,77.67580925725446
tdr1rh,29.73155759026116,41.423889293517846,35,12.900068163636364,77.65729770021645
tdr1rn,26.971048798252003,38.91114348142753,81,12.91170823989448,77.65178897401245
tdr1rp,43.28113619810634,46.158048069919886,143,12.91725434500904,77.65170507258023
tdr1rq,5.083151250303472,12.099417334304443,25,12.912480092156864,77.66573426862745
tdr1rr,50.65094683175528,76.91187181354697,206,12.917904594303998,77.66931611281015
tdr1rs,64.32993445010925,69.84705025491624,513,12.90064918040756,77.67556151558088
tdr1rt,35.35792321298512,64.45739257101238,69,12.906455821215156,77.67659871683624
tdr1ru,8.876547705753824,9.48652585579024,7,12.901431737500001,77.6885272875
tdr1rv,38.525127458120906,47.28696285506191,17,12.908022736666666,77.69297740666667
tdr1rw,49.02337283983315,61.43481427530955,339,12.912117714681308,77.6793831223155
tdr1rx,59.28623452294246,67.89876183539694,36,12.91675119482145,77.67786393107843
tdr1ry,31.88729060451566,37.76402039329935,74,12.909951593895153,77.6866535859837
tdr1rz,17.22505462490896,19.6285506190823,10,12.917787644999999,77.687830525
tdr1s2,52.17589220684632,52.17589220684632,1,12.9247254,77.5309136
tdr1s3,52.52184996358339,54.206117989803346,3,12.929530025,77.53503125
tdr1s4,76.93008011653313,76.93008011653313,1,12.9363928,77.5195729
tdr1s5,54.774217042971586,67.00655498907501,179,12.939209134914586,77.52315949586364
tdr1s6,47.284686817188636,63.055353241077924,213,12.934911754762727,77.53620897879424
tdr1s7,29.29325772552284,39.111434814275306,62,12.938862245396182,77.53276088521304
tdr1s8,56.59140568099053,67.53459577567371,5,12.9231063,77.54945825
tdr1s9,64.06186776725743,78.76911871813547,296,12.927615530353535,77.5491301306348
tdr1sb,26.136363636363637,63.45593590677348,31,12.923345741494506,77.55815247259919
tdr1sc,77.02112163146396,78.29570284049527,3,12.928071249999999,77.55458580000001
tdr1sd,3.700837581937363,7.001092498179169,4,12.931423233333334,77.54426981666667
tdr1se,16.281864530225782,23.16096139839767,8,12.939402926666668,77.54827359333333
tdr1sf,26.522214129643118,35.7428987618354,15,12.933831428174567,77.55885798380973
tdr1sg,26.043475824976188,49.126001456664234,92,12.939543334269263,77.55837513839967
tdr1sh,66.81466748837471,87.49089584850692,130,12.944656374854883,77.52721624652825
tdr1sj,83.64530225782957,95.3386744355426,126,12.950342735395074,77.52373839358428
tdr1sk,63.159140568099055,87.5455207574654,46,12.944872705189393,77.53489776944444
tdr1sm,88.03350327749453,98.96212672978878,575,12.950009347062823,77.53736530933512
tdr1sn,89.62733673221656,94.17334304442826,30,12.95612912745098,77.52245722921568
tdr1sp,78.35437403900625,91.69701383831027,754,12.960085453860062,77.5266078859501
tdr1sq,59.29533867443554,96.13983976693372,13,12.956091464644537,77.53707332280139
tdr1sr,51.583211944646756,94.42825928623452,54,12.960804068761906,77.53548460830953
tdr1ss,18.63316338917213,21.139839766933722,13,12.942441327777779,77.54781172777778
tdr1st,92.89876183539693,95.37509104151492,15,12.952436670231451,77.54306986154879
tdr1su,20.202112163146396,26.9482884195193,3,12.944945425,77.55547082499999
tdr1sv,11.556202961883953,17.589220684632192,19,12.94825752388889,77.55711941333333
tdr1sw,81.35318038358825,98.9075018208303,858,12.955509701979663,77.54695109220658
tdr1sx,39.8711256777535,91.78805535324108,25,12.961472982539682,77.54994867857143
tdr1sy,57.0864439184268,77.6584122359796,56,12.957722553833333,77.55855378341667
tdr1sz,66.93719002531822,91.62418062636563,274,12.960598560048206,77.55865484414578
tdr1t0,7.063420919939493,22.123088128186453,29,12.923279013081999,77.56982829353517
tdr1t1,8.687961710540007,14.54843408594319,26,12.928660943367348,77.5709524936508
tdr1t2,37.57474987541687,57.22869628550619,229,12.922376114744731,77.5807110926467
tdr1t3,73.75,91.42388929351785,1237,12.92831126028714,77.5817924329904
tdr1t5,49.13845976923371,82.15586307356155,470,12.93951145925692,77.5697131613436
tdr1t6,60.88401310997815,82.99344501092499,297,12.93308488299963,77.58276429280063
tdr1t7,48.98825168624719,82.61107064821559,1157,12.938749168795015,77.58077150064584
tdr1t8,65.59723233794611,84.26802621995631,78,12.922144351921181,77.58734805065724
tdr1t9,76.03483855304687,95.2476329206118,430,12.92784619248261,77.58912908872192
tdr1tb,51.06518572469046,75.4734158776402,43,12.922140883253968,77.59928007214286
tdr1tc,68.46094319009468,76.7115804806992,260,12.928583687075516,77.60104603879407
tdr1td,43.03532410779315,60.61544064093226,160,12.933023730246106,77.58858881582036
tdr1te,35.78386744355426,42.40713765477058,93,12.938123983045976,77.59254643405173
tdr1tf,68.67868414663754,90.76839038601602,218,12.933286634371315,77.60413090433353
tdr1tg,73.17632465404225,90.07647487254188,243,12.937997532158853,77.60156891070939
tdr1th,63.871560214066314,96.23088128186453,2079,12.944698295086102,77.56993404691187
tdr1tj,24.00195739257101,86.52585579024034,122,12.949629561994579,77.57056772169138
tdr1tk,40.76307963097839,58.48506919155134,81,12.944314641005858,77.58039431884605
tdr1tm,36.141747303437036,53.8965768390386,369,12.950050442440702,77.57855998030068
tdr1tn,42.00427895120175,68.82738528769119,283,12.955983548827257,77.5693920377118
tdr1tp,54.2334304442826,97.42352512745812,196,12.960953902156307,77.56908045317432
tdr1tq,66.44646758922069,94.88346686088856,844,12.955957223537652,77.58042610909321
tdr1tr,88.36017372069811,99.10779315367807,4260,12.96123786893196,77.57956512931729
tdr1ts,50.97171643602816,68.49963583394027,470,12.94544050974048,77.59101669783618
tdr1tt,26.852998300558387,49.817916970138384,143,12.950288405130083,77.59300442988436
tdr1tu,31.310694343287206,62.29060451565914,111,12.945039999777777,77.60205633860714
tdr1tv,31.797766448167028,43.2993445010925,274,12.95009506801274,77.60217177608223
tdr1tw,48.58278708424375,84.17698470502549,840,12.955245749454255,77.59047874847596
tdr1tx,58.3071244123684,79.80699198834668,622,12.961401031879804,77.59071694555419
tdr1ty,13.660779315367808,15.477057538237437,9,12.957151966666666,77.60395395833334
tdr1tz,52.322208927270836,88.34668608885652,1048,12.961769137809378,77.60160217761829
tdr1u1,17.78951201747997,20.211216314639476,9,12.972632002222221,77.52834949777777
tdr1u2,84.18912357368293,93.11726147123089,2859,12.966622980164228,77.53692982962133
tdr1u3,71.51801221356938,89.95812090313183,725,12.972553518963675,77.53767845973813
tdr1u4,18.08084486525856,29.82520029133285,21,12.976293615357143,77.52681683178571
tdr1u5,29.708501622194266,46.649672250546246,85,12.984118966881935,77.52572581568538
tdr1u6,40.00136562272396,71.35833940276765,118,12.977482511951179,77.53586965626256
tdr1u7,21.54042243262928,76.98470502549164,60,12.982424243404475,77.53438618847433
tdr1u8,49.48633418944301,95.26584122359796,508,12.966398573380177,77.54649102053303
tdr1u9,80.41879096868172,99.30808448652586,5753,12.972794161637495,77.54753823128424
tdr1ub,68.40050173990451,94.79242534595775,565,12.966274939000984,77.55699312428976
tdr1uc,86.04030104394269,95.04734158776402,27,12.974577105059524,77.55759495386904
tdr1ud,70.51165331391114,96.70429715950473,1018,12.977230209249035,77.54680700570174
tdr1ue,71.54497450837583,84.75965040058267,567,12.983707879226364,77.54854626569046
tdr1uf,69.92392975641337,93.918426802622,1813,12.977387971500088,77.55730700647483
tdr1ug,70.25288531570396,88.89293517844136,1602,12.982969778822406,77.55788994663091
tdr1uh,41.43117261471231,51.18353969410051,37,12.987529449478263,77.52281629078261
tdr1uj,54.24253459577567,54.24253459577567,9,12.991756777777777,77.52098582222223
tdr1uk,84.29533867443554,93.28113619810634,711,12.988128620983492,77.53776272768657
tdr1um,63.379056405276366,83.04806991988347,169,12.993976103415639,77.53816679816872
tdr1un,79.67042971595048,89.85797523670794,99,12.999283786961152,77.5243106144835
tdr1up,79.98767437951707,99.16241806263656,276,13.004803916140066,77.52738018508293
tdr1uq,51.023079024034956,79.33357611070649,374,12.999403641801969,77.53734242083566
tdr1ur,60.050983248361256,94.95630007283322,4,13.005327866666667,77.53430350000001
tdr1us,83.61392795114573,98.65258557902403,685,12.988296171384299,77.55002329020489
tdr1ut,79.49016751638747,91.58776402039331,220,12.993852851434298,77.5491729178322
tdr1uu,60.451565914056815,82.81136198106337,931,12.988571118069135,77.55611655402338
tdr1uv,69.41272867486397,92.27967953386744,1763,12.993853955503157,77.55625602275052
tdr1uw,87.4217042971595,99.25345957756737,6148,12.999018977914877,77.5479904461926
tdr1ux,78.63450733534492,93.62709395484342,831,13.004962932870557,77.54824964341363
tdr1uy,62.318567266673604,97.02294246176257,1051,12.998537593342666,77.55631362577472
tdr1uz,56.34559359067735,99.07137654770575,368,13.005510605022527,77.55735734137014
tdr1v0,67.51335275552319,99.5265841223598,1253,12.96674133199433,77.57047199857162
tdr1v1,63.827905524919366,99.27166788055352,292,12.97222930686398,77.56928182369253
tdr1v2,82.09941733430445,97.21412964311726,11654,12.966491147794772,77.57968930908615
tdr1v3,78.30025491624181,97.50546249089584,7552,12.972281147574494,77.5800182364013
tdr1v4,74.65176620538965,99.12600145666424,3071,12.977785217861518,77.56946914742782
tdr1v5,53.78946917441412,97.15950473415877,269,12.982955413507637,77.56999140850884
tdr1v6,91.01192643845593,98.72541879096867,21984,12.97757652259358,77.57934959800207
tdr1v7,63.56518572469046,98.03350327749453,1092,12.98322800442435,77.57902910554917
tdr1v8,62.3476044206593,87.70939548434086,723,12.967074083381762,77.59011489934069
tdr1v9,49.22978878368536,89.83976693372178,247,12.971203948061762,77.59119068870739
tdr1vb,46.911795945617875,82.10123816460306,224,12.966575342273002,77.60249545756561
tdr1vc,61.23047665290928,94.06409322651129,1624,12.97215105268765,77.60207173879652
tdr1vd,61.8332292858877,82.95702840495267,558,12.977960230225335,77.58949948381549
tdr1ve,35.073743627093954,67.67115804806993,388,12.982825545765662,77.59081937198935
tdr1vf,57.934450109249816,93.5360524399126,1829,12.977554581449153,77.60188512774026
tdr1vg,82.27933812818645,95.64821558630736,7989,12.98306149779828,77.60195828495887
tdr1vh,58.17812922692748,90.40422432629279,856,12.988833882798174,77.5714185939074
tdr1vj,58.671003977813875,94.19155134741443,1279,12.994229642630124,77.5694620860661
tdr1vk,59.77431820021041,77.07574654042243,674,12.98820085954601,77.57839016920273
tdr1vm,43.57702112163146,78.69628550619082,264,12.994955839700676,77.58034091034348
tdr1vn,76.75027312454479,94.37363437727603,2439,12.999368395693566,77.5696830502909
tdr1vp,71.41341951930079,94.84705025491624,2680,13.005196078231268,77.56890140700081
tdr1vq,49.81184753580967,78.27749453750911,268,12.998616538982091,77.58064774629366
tdr1vr,52.31727432415064,74.87254187909687,178,13.00523401064942,77.58093823494595
tdr1vs,47.39348142753095,96.74071376547705,741,12.988556385318372,77.59160622712977
tdr1vt,60.1238164603059,92.35251274581209,2116,12.993515729515135,77.59145218086775
tdr1vu,63.703727160454726,86.76256372906045,1020,12.988862988484074,77.60198268327146
tdr1vv,36.24476511289148,78.07720320466133,115,12.993845602284054,77.6029131305684
tdr1vw,45.33867443554261,71.92279679533867,94,13.00000810271446,77.59304235617034
tdr1vx,40.2931536780772,55.24399126001457,140,13.005290026003248,77.5939907330833
tdr1vy,14.141478514202475,36.50764748725418,93,12.999111544274887,77.60212408750472
tdr1vz,26.48701141053654,31.190823015294978,8,13.003298761111111,77.59834110555555
tdr1w0,70.26015112891479,93.8638018936635,188,12.922809728216901,77.61266590659541
tdr1w1,65.78261562272397,98.23379461034231,341,12.928344331176747,77.61321103776208
tdr1w2,58.29453230673187,73.47050254916242,320,12.922787123589078,77.62244133161127
tdr1w3,54.98300558387959,79.62490895848508,201,12.927875239068364,77.62320905083716
tdr1w4,77.38942594186585,92.49817916970139,1443,12.934053490265287,77.612836769443
tdr1w5,53.16763777615926,97.83321194464676,122,12.938844741470598,77.61283991820058
tdr1w6,24.847371577910113,67.93517844136926,126,12.934239313410364,77.62362846435575
tdr1w7,39.74973699117909,59.46831755280408,284,12.93933957486348,77.62322412331996
tdr1w8,26.480666092829242,59.95994173343044,124,12.923851045208824,77.63651461905376
tdr1w9,61.53192522456907,74.56300072833211,152,12.92822884874296,77.6332251581473
tdr1wb,30.574341899906358,48.41587764020393,55,12.922736838486395,77.64769836058674
tdr1wd,73.66371287529336,82.77494537509105,521,12.93310440265045,77.6315959716153
tdr1we,4.646758922068463,9.522942461762565,17,12.939558746666666,77.63203581666667
tdr1wh,23.772456907016267,42.11580480699199,33,12.943424139215686,77.61179966911764
tdr1wj,33.23015294974508,38.58339402767662,67,12.95176444876923,77.60963805382052
tdr1wk,23.709941733430444,36.8353969410051,99,12.944317194180309,77.62216355157474
tdr1wm,10.431406721464986,19.646758922068464,21,12.94973683392857,77.62317883749999
tdr1wn,8.852269968438941,24.717771303714496,9,12.953939966666667,77.61547295000001
tdr1wp,26.19491988346686,30.844865258557903,29,12.96172691513889,77.61527811194443
tdr1wq,8.739985433357612,14.43918426802622,20,12.954439836666666,77.62153860000001
tdr1ws,6.421461519786356,9.213401310997815,4,12.944061766666666,77.63295475
tdr1wt,7.726389900461277,12.527312454479242,18,12.95090968969697,77.63971809666667
tdr1wv,11.055474629764506,16.423889293517842,5,12.949340433333333,77.64357038888888
tdr1ww,19.819737800436997,19.819737800436997,1,12.9562708,77.6398969
tdr1wx,51.39111434814275,66.6788055353241,264,12.961115282281128,77.63711344102623
tdr1wy,57.68936635105608,83.06627822286963,133,12.956338288462627,77.64492434412735
tdr1wz,81.37654770575382,95.13838310269482,1377,12.960616799321116,77.64569246158725
tdr1x0,35.49708667152221,47.76948288419519,91,12.922718138623619,77.6553626010431
tdr1x2,43.039307174071375,62.25418790968682,363,12.922517564900419,77.66833241783351
tdr1x3,32.2893906287934,46.977421704297164,21,12.926886907744105,77.67021922424243
tdr1x8,64.82155863073562,84.48652585579023,111,12.924091519282682,77.67518305372853
tdr1x9,82.78297844993787,90.93226511289147,1649,12.927949695945482,77.67952759936333
tdr1xb,65.6409322651129,88.29206117989803,45,12.922416839772728,77.69012753181818
tdr1xc,93.20021040705673,97.68754552075747,1057,12.929348699015627,77.69070082569907
tdr1xd,93.95484340859433,93.95484340859433,15,12.931709013333334,77.68382626
tdr1xf,96.02425662623895,99.6176256372906,7106,12.933225612488025,77.69024009859582
tdr1xg,87.34219470745326,99.8543335761107,379,12.938865071867019,77.69159174865824
tdr1xj,40.36780772032047,56.063364894391846,12,12.952489881818181,77.65348235454546
tdr1xn,47.257829570284045,73.45229424617625,32,12.9550643777898,77.6532057708303
tdr1xp,69.66314639475601,90.62272396212673,146,12.959327651718628,77.65688310889252
tdr1xq,56.7006554989075,62.408958485069185,123,12.957781937586207,77.66786979077587
tdr1xr,47.013838310269485,56.081573197378006,163,12.959542906944074,77.66567443538496
tdr1xs,8.151250303471716,14.785142024763292,5,12.943574400000001,77.68137648333334
tdr1xv,29.72050254916242,31.700655498907505,30,12.950200288095239,77.68977263869047
tdr1xw,17.580116533139112,20.26584122359796,8,12.954756825,77.680276625
tdr1xx,42.680262199562996,64.94901675163874,9,12.961989064285714,77.67853034642857
tdr1xy,30.19391842680262,44.41005098324836,34,12.955598221798192,77.69196654967843
tdr1y0,26.190988545322117,51.67516387472687,51,12.966752417837466,77.61222374414601
tdr1y1,66.07869021607186,89.36635105608157,1822,12.972464002851558,77.61273003996048
tdr1y2,40.695557174071375,66.15076474872542,13,12.967920718333335,77.62297039
tdr1y3,66.74501754618288,90.1128914785142,975,12.972296161640696,77.6231991676276
tdr1y4,82.05369426236142,99.03495994173343,913,12.977752315956277,77.61189884772564
tdr1y5,72.04535268082246,99.4719592134013,11194,12.98289972989023,77.61223969991508
tdr1y6,83.01795618802174,98.06991988346687,402,12.976517807326998,77.62399174541147
tdr1y7,84.47560087399854,95.39329934450109,55,12.981738516122993,77.62650424667113
tdr1y8,80.76747997086672,90.4952658412236,35,12.965981117156863,77.63822593269609
tdr1y9,69.73324836125273,89.58485069191552,353,12.970730789463255,77.63370156712607
tdr1yb,88.09567162626158,98.68900218499635,592,12.967187587325771,77.64503604087757
tdr1yc,83.79278951201748,99.2352512745812,1147,12.971849829120718,77.64527347492634
tdr1yd,75.62753615648737,97.523670793882,359,12.978243014725333,77.63658238920289
tdr1ye,68.66920065549891,95.68463219227968,84,12.981985467285789,77.63554415317829
tdr1yf,42.57031206230041,81.1361981063365,200,12.978071362285892,77.64406947239358
tdr1yg,34.24147244476815,62.527312454479244,117,12.983120350044478,77.64523600010497
tdr1yh,32.758557902403496,62.85506190823015,246,12.988991092349801,77.61243722903365
tdr1yj,57.62709395484341,76.4202476329206,1339,12.994410542989948,77.61229776325918
tdr1yk,47.61471230881282,52.549162418062636,95,12.987842067437999,77.61944958812633
tdr1ym,27.093954843408593,46.631463947560086,14,12.995497446635369,77.62270130173486
tdr1yn,42.597974676452466,78.40495265841224,945,12.999390609628628,77.61327150762307
tdr1yp,20.614833697499392,68.06263656227239,56,13.004220289907407,77.61450052907406
tdr1yq,32.293496422604,50.0,244,12.99934536356823,77.62353547274455
tdr1yr,40.39121839558839,47.12308812818645,114,13.005167211411564,77.6215945993835
tdr1yu,38.3557902403496,44.51930080116533,18,12.98657671319589,77.64720998950467
tdr1yw,22.1959213401311,27.585579024034963,52,13.00189219670451,77.63218035762209
tdr1yx,19.559359067734885,27.29424617625637,24,13.004285761904763,77.63509016142856
tdr1yz,4.788783685360524,4.788783685360524,2,13.0077233,77.6411533
tdr1z0,69.94036780772032,89.65768390386016,110,12.967403220515376,77.65530798543735
tdr1z1,58.21801408108764,98.32483612527312,1112,12.972586757590053,77.65602767253623
tdr1z3,7.046613255644574,7.046613255644574,1,12.9742302,77.6721232
tdr1z4,28.638625880067977,36.2163146394756,98,12.978879625356264,77.65374388022609
tdr1z5,24.754187909686816,27.521849963583396,16,12.980935342508369,77.65505836375193
tdr1z7,14.639475600873999,21.23088128186453,2,12.9855947,77.6699049
tdr1z9,17.56873634377276,19.455571740713765,6,12.973460141666667,77.676428375
tdr1zd,17.088492352512745,17.088492352512745,1,12.9792733,77.6796118
tdr1ze,33.32422918184025,49.3809176984705,25,12.983905846031746,77.67985724126984
tdr1zf,96.8438941490653,98.37946103423161,273,12.979193821530977,77.6945615355658
tdr1zg,90.62727603787327,93.66351056081574,27,12.981860531213112,77.69341492648594
tdr1zh,82.73170065549891,95.79388201019665,16,12.990864205453052,77.65661524212324
tdr1zj,78.2534926835728,91.75163874726876,525,12.992996589619251,77.65598584840613
tdr1zk,19.60730759893178,64.22068463219229,18,12.988676505555555,77.66360772929293
tdr1zm,89.51404062474711,100.0,1825,12.994705539792552,77.6657960448872
tdr1zn,21.185360524399126,25.455207574654043,4,13.001470300000001,77.66108882500001
tdr1zp,11.459092012624424,17.22505462490896,15,13.004825222777777,77.66010811555556
tdr1zq,96.25819373634378,99.98179169701383,187,12.997847870638358,77.67111142645075
tdr1zr,15.85943190094683,23.506919155134742,55,13.00506639869281,77.6627717993464
tdr1zs,38.52876911871814,38.52876911871814,3,12.98968,77.67976703333333
tdr1zu,46.139839766933726,49.27166788055353,56,12.988939043059162,77.68887049632484
tdr1zv,78.24107793153678,96.46758922068463,450,12.99478597207045,77.69097515463271
tdr1zw,70.47017884599822,99.70866715222141,1723,13.000090822563495,77.67905484707504
tdr1zx,93.83952415634862,97.32337946103424,28,13.003337763888888,77.67985834444444
tdr1zy,54.949016751638744,90.5863073561544,214,12.99895387389562,77.69016398769925
tdr1zz,85.41454236465161,98.88929351784414,1055,13.006272070361339,77.68935774015286
tdr2b4,46.3401310997815,46.3401310997815,1,12.8026667,77.7043117
tdr2b5,39.17334304442826,40.62272396212673,28,12.806462734166667,77.6985901775
tdr30h,14.156955571740715,14.156955571740715,1,12.8592515,77.7030056
tdr30j,6.418426802621996,6.418426802621996,2,12.8622241,77.70555279999999
tdr32b,47.84231609613984,47.84231609613984,1,12.877168194473605,77.73582745
tdr32c,53.18645302257829,53.18645302257829,1,12.885763204709242,77.73832915174403
tdr32e,53.91933721777131,57.57465404224327,150,12.896594073877417,77.72006652034861
tdr32f,58.72177713037144,58.72177713037144,9,12.887472755555557,77.73847076666667
tdr32h,39.457392571012385,41.077931536780774,10,12.903190766666667,77.70471483333333
tdr32j,40.29092821882334,61.52585579024035,277,12.905500650093959,77.69973849563662
tdr32k,13.846113827905526,41.49672250546249,31,12.90129534012654,77.70923786267066
tdr32n,39.68044428259286,43.95484340859432,2,12.909953804299604,77.70103517649794
tdr32p,47.78769118718135,60.32410779315368,19,12.91603626617647,77.69887921470588
tdr32z,8.667152221412964,8.667152221412964,2,12.9190833,77.73671565000001
tdr331,60.014566642388935,60.014566642388935,1,12.8852117,77.746775
tdr333,62.78829813061424,66.86088856518573,38,12.883779306558798,77.75234013131663
tdr380,86.17989803350328,86.17989803350328,3,12.922208033333334,77.69548523333334
tdr381,98.70721048798252,98.70721048798252,1,12.9263943,77.6978095
tdr384,84.78392813789755,93.7727603787327,156,12.933931781583121,77.69812691223581
tdr385,93.78079345357955,99.96358339402768,1959,12.938465145062478,77.69934496969924
tdr386,83.01165331391115,83.01165331391115,2,12.935863099999999,77.7066462
tdr38b,12.05996601116776,16.38747268754552,11,12.921190303703703,77.73639921481481
tdr38c,16.205389657683906,16.205389657683906,1,12.9257072,77.7375472
tdr38e,90.47705753823743,94.73780043699928,8,12.938858266666667,77.71871495833334
tdr38h,94.47264202476329,98.5797523670794,457,12.944075293050458,77.69794704811332
tdr38j,97.41181978982415,99.78150036416606,991,12.949836703360674,77.69952948848166
tdr38m,96.03058994901676,97.37800436999272,15,12.95161681111111,77.71618787272728
tdr38n,84.90960113105695,99.32629278951201,1106,12.9562118394551,77.70068726299994
tdr38p,79.35178441369264,98.08812818645303,301,12.960889830669242,77.70156214614782
tdr38q,58.81281864530226,88.58339402767662,328,12.95623287252915,77.71260097082143
tdr38r,53.94910078996023,92.9715950473416,586,12.961744806703642,77.71384644695834
tdr38t,98.14275309541149,98.2884195193008,343,12.950859643336726,77.71758181067439
tdr38w,47.05687611732769,94.3008011653314,78,12.955461533369798,77.7216388443919
tdr38x,85.0327749453751,85.0327749453751,174,12.963491901149427,77.71762382931034
tdr38y,28.030165088613742,50.41879096868171,91,12.956764600055005,77.73446841836933
tdr38z,63.240470988103915,70.21121631463949,110,12.961425589885541,77.73249724736456
tdr391,61.32556445739257,61.32556445739257,1,12.9298278,77.7403797
tdr394,73.0517115804807,73.0517115804807,1,12.93600269327434,77.74866616520504
tdr395,76.52949745083758,84.94173343044427,66,12.938826962608696,77.74680643698068
tdr39h,58.80143845593591,68.97305171158048,68,12.943975706636905,77.74786195665179
tdr39j,44.819737800437004,55.95411507647488,3,12.9509685,77.74504435
tdr39k,60.80662782228696,61.10706482155863,2,12.94387555,77.75196675
tdr39n,22.89942395550553,39.475600873998545,50,12.956548211144337,77.7432938494418
tdr39p,24.925866194984913,39.65768390386016,35,12.96108435838384,77.74767622737373
tdr3b0,57.03490791801062,77.93153678077203,86,12.966407141807448,77.70198699270068
tdr3b1,73.90294974508376,80.89949016751639,52,12.972583449044627,77.70045920585483
tdr3b2,61.87363437727604,92.64384559359068,206,12.966759953147598,77.71489938686807
tdr3b3,89.59809309408728,98.39766933721778,669,12.971615860978154,77.71188045825043
tdr3b4,88.32847778587036,96.15804806991989,171,12.97757648081273,77.69648670575533
tdr3b5,89.40276766205389,89.40276766205389,2,12.9821733,77.695655
tdr3b6,59.385552539230616,79.77057538237436,136,12.977852152093543,77.71158213246994
tdr3b7,49.9385469774217,62.23597960670065,91,12.982646431060004,77.71006781012265
tdr3b8,89.20247632920612,98.19737800437,1085,12.96567947720087,77.71834315096605
tdr3b9,16.61507647487254,16.61507647487254,2,12.97207615,77.7269931
tdr3bb,73.39766933721778,80.33503277494538,18,12.967504682222222,77.73523447000001
tdr3bc,72.48725418790968,72.48725418790968,4,12.9700543,77.731851475
tdr3bd,2.265112891478514,2.876911871813547,17,12.97935123642857,77.72384060785714
tdr3be,6.821032613093793,20.46613255644574,27,12.981664732870371,77.72326672638889
tdr3bf,19.26893663510561,20.87581937363438,4,12.978485733333333,77.73363334999999
tdr3bg,40.97778587035688,85.66096139839767,17,12.984821012962962,77.73025250185185
tdr3bj,67.7355874278671,96.79533867443554,793,12.994195393397758,77.70048571716057
tdr3bk,40.80480699198834,55.680990531682454,90,12.988273279670228,77.70990590537109
tdr3bm,31.692689366351054,51.056081573197375,69,12.99234064064732,77.71289567630953
tdr3bn,81.87363437727603,83.13911143481427,2,12.99817255,77.70155155
tdr3bp,88.90386016023307,99.92716678805536,68,13.006414149182797,77.69908247005377
tdr3bq,30.59905316824472,44.0094683175528,2,12.9981013,77.7164473
tdr3br,22.28058994901675,34.15877640203933,55,13.004744166483515,77.71234090966117
tdr3bs,25.167516387472688,37.927895120174796,12,12.990366486666668,77.72265096
tdr3bt,36.74132070890993,48.78004369992717,45,12.993365099345239,77.71847969426587
tdr3bu,65.52327861504847,94.66496722505462,590,12.98748023202279,77.73251238682616
tdr3bw,42.38892935178441,42.38892935178441,1,12.9986248,77.7175505
tdr3bx,84.05863073561544,85.23306627822286,133,13.004018540078125,77.7208263253125
tdr3c0,62.63135990011445,72.21412964311726,76,12.966087466239932,77.74834196821111
tdr3c1,79.69774217042972,79.69774217042972,24,12.969943730965072,77.74992920313355
tdr3c2,77.60378732702112,77.60378732702112,1,12.968793564429724,77.75544575173693
tdr3c3,67.99890750182084,71.43117261471231,7,12.97333538,77.750612565
tdr3c5,75.57052682689972,80.48069919883467,100,12.985039603584228,77.74710839964156
tdr3c6,56.493080844865254,62.72760378732703,41,12.977992312673994,77.75141155349817
tdr3c7,51.487878472583496,58.8856518572469,62,12.98352871360294,77.75191137489496
tdr3c8,74.4719592134013,74.4719592134013,2,12.964772400000001,77.7616485
tdr3ce,11.983339402767662,19.09140568099053,16,12.983319257142856,77.76906879285714
tdr3ch,78.07720320466133,78.67807720320467,11,12.98765005,77.74700423571429
tdr3ck,18.918426802621997,18.918426802621997,1,12.9908919,77.7557815
tdr3cm,21.276402039329934,24.81791697013838,20,12.992965471666666,77.75706318666667
tdr3cq,44.15513474144209,49.21704297159505,24,13.001583716666666,77.75729178666667
tdr3cr,42.0384195193008,51.229060451565914,131,13.005018648355412,77.75636705605847
tdr450,5.413935421218742,9.868900218499636,20,13.008779845833333,77.48376171875
tdr451,25.74654042243263,25.74654042243263,2,13.0154999,77.4846445
tdr453,20.653678077203203,28.769118718135474,62,13.014271831481484,77.49075471037038
tdr458,24.00764748725419,27.840495265841227,54,13.011380503033626,77.50648516991959
tdr45e,14.2115804806992,14.2115804806992,1,13.0291779,77.4997381
tdr45f,16.628732702112163,18.190094683175527,2,13.0230362,77.51124490000001
tdr45g,25.807668296743316,31.2272396212673,33,13.027735556785714,77.51565866619048
tdr45p,26.875455207574657,26.875455207574657,1,13.0512514,77.4856467
tdr45r,52.1204396477521,70.66642388929351,120,13.050438389796012,77.49348787308408
tdr45s,15.986890021849964,15.986890021849964,9,13.031507677777777,77.50361984444446
tdr45t,17.944282592862344,21.941005098324837,7,13.037207354166666,77.50442427499999
tdr45u,29.59759650400583,33.32119446467589,4,13.032463116666666,77.51283671666667
tdr45v,54.27977885188373,82.0284049526584,275,13.037444075639725,77.51555786327998
tdr45w,53.67625637290605,60.21485797523671,189,13.04462147727801,77.50663175555533
tdr45x,60.41970138383103,67.62563729060452,207,13.048422971735196,77.50236742116142
tdr45y,50.9368999536516,76.49308084486526,124,13.042821119643135,77.51332723256161
tdr45z,12.442340373877153,20.90313182811362,11,13.050626185,77.51546079
tdr465,5.426074289876183,5.426074289876183,1,13.0715267,77.442553
tdr466,6.4639475600874,11.252731245447924,13,13.067013370833333,77.45096611583334
tdr467,4.937484826414178,5.772032046613256,11,13.06963308611111,77.44631376388888
tdr469,32.246904588492356,32.246904588492356,35,13.060770322857143,77.46126350571429
tdr46b,7.704388201019665,12.672978878368536,13,13.056999853125,77.47328168020833
tdr46c,27.524126001456665,44.59213401310998,66,13.058186909114584,77.46987855234376
tdr470,15.525309541150765,34.18608885651857,48,13.054626985492424,77.48139611299243
tdr472,34.19746904588493,39.69410050983249,38,13.052364679177845,77.49002122131958
tdr478,32.05753823743627,40.404224326292784,102,13.055106843628693,77.50750336272574
tdr479,21.223597960670066,39.27530954115077,22,13.059760643333334,77.50559178133334
tdr47b,35.406045156591404,35.406045156591404,1,13.0533824,77.5117663
tdr47d,6.99502306385045,11.744355426074291,4,13.065279033333333,77.50408496666667
tdr47e,3.787327021121632,7.192279679533868,12,13.070720334444445,77.50364415888889
tdr47n,0.10924981791697014,0.10924981791697014,19,13.085203484210528,77.48646901578948
tdr47q,12.827749453750911,12.827749453750911,1,13.0882399,77.494954
tdr47r,12.827749453750911,12.827749453750911,1,13.0933702,77.488978
tdr47t,6.063364894391842,7.665695557174071,6,13.080234383333334,77.50261501666667
tdr4h0,88.67443554260743,98.50691915513474,196,13.010143008557286,77.52783770624008
tdr4h1,75.7875091041515,86.99927166788055,33,13.014986406547619,77.52784830119047
tdr4h2,42.906045156591404,59.759650400582665,50,13.010547713699633,77.53562283924298
tdr4h3,61.69953498795451,98.45229424617625,436,13.015865302623212,77.53505028597863
tdr4h4,52.305171158048076,64.29351784413693,28,13.021289224166669,77.52811053
tdr4h5,36.3401310997815,41.05972323379461,36,13.02610703774854,77.52061505137428
tdr4h6,56.066042586007455,92.77130371449381,310,13.020795384755518,77.53482571992403
tdr4h7,71.38565185724691,97.5782957028405,221,13.02790832860029,77.53676091334637
tdr4h8,62.4233733915999,96.39475600873999,2261,13.01051427368044,77.54757683790088
tdr4h9,39.615376376333494,97.6693372177713,161,13.015949814238818,77.54759663791549
tdr4hb,77.10123816460306,96.99563000728332,6240,13.010010666004924,77.55622725749487
tdr4hc,79.10881737072106,96.50400582665696,423,13.016198542398717,77.55640541275454
tdr4hd,52.84569763812299,59.74144209759651,50,13.022352398886198,77.55056101094856
tdr4he,71.42889657683904,91.9155134741442,353,13.026393785117335,77.54480154806508
tdr4hf,43.05873478306108,74.96358339402768,247,13.021121015649934,77.55782017172506
tdr4hg,23.58885651857247,28.750910415149306,38,13.026907596865506,77.56111951530328
tdr4hh,37.82774945375091,45.17479970866715,11,13.034134759259258,77.53015878703704
tdr4hj,76.12891478514202,84.8871085214858,19,13.038041267521367,77.52112047435897
tdr4hk,65.83667152221413,97.88783685360525,523,13.03219540174135,77.53481379061789
tdr4hm,38.49842194707453,58.01165331391115,26,13.037864395833333,77.53395032499999
tdr4hn,42.778131828113615,66.442097596504,40,13.043664657011204,77.52473358912754
tdr4hp,43.9487739742656,46.13983976693372,218,13.049119477865679,77.52455715751874
tdr4hq,51.32010196649672,56.82811361981064,5,13.0451908125,77.5397758375
tdr4hr,51.11070648215586,51.11070648215586,1,13.0463449,77.5402667
tdr4hu,73.87668776962295,96.4857975236708,300,13.032224881082337,77.55767542353026
tdr4hv,91.46030589949017,91.46030589949017,1,13.0358442,77.5575566
tdr4hw,19.351379784737397,52.40349599417334,34,13.04425912888889,77.54860491444444
tdr4hx,44.39044204157096,63.619810633648946,104,13.0486465091453,77.54678984861306
tdr4hy,6.607590839200453,16.860888565185725,37,13.043697679722221,77.55552891351851
tdr4hz,67.52002913328478,74.63583394027677,133,13.049624831548389,77.55401347758064
tdr4j0,65.12654770575382,98.87108521485798,932,13.009948446378404,77.56914862240686
tdr4j1,14.912600145666424,21.085214857975238,9,13.01449730625,77.573187475
tdr4j2,46.12163146394756,56.31828113619811,106,13.009965452059506,77.58147859851695
tdr4j3,23.13769523347091,50.983248361252734,16,13.015464750925926,77.58078746944445
tdr4j5,72.5652897721361,77.5673707210488,602,13.028571568314591,77.5719798010425
tdr4j6,70.60876426317067,74.43554260742899,327,13.021392132460468,77.58405677770708
tdr4j7,56.31667452122874,73.92571012381646,591,13.027106864449072,77.58002586013518
tdr4j8,20.193008011653312,35.57902403495994,41,13.010585683877997,77.59205839302832
tdr4j9,24.76936149550862,40.986890021849966,90,13.016618492746723,77.59187884982747
tdr4jd,52.939502913328475,62.563729060451564,295,13.02123690206512,77.59331232016122
tdr4je,50.29936592262543,77.29424617625638,335,13.026281818899529,77.58976991966367
tdr4jf,18.352452051468802,56.345593590677346,17,13.022609341666666,77.60082159444444
tdr4jg,7.447195921340131,7.447195921340131,1,13.0290165,77.6072299
tdr4jh,28.584607914542364,76.27458120903133,93,13.032401027444445,77.56884635706666
tdr4jj,16.964068948773974,37.29060451565914,84,13.037690867062219,77.56902357731947
tdr4jk,16.494901675163874,46.959213401311,38,13.032330270555557,77.57661905138889
tdr4jm,28.88747268754552,33.448652585579026,109,13.03649309013986,77.57483254905594
tdr4jn,10.45416710019769,28.514202476329203,25,13.042837700408162,77.57053297489797
tdr4jp,51.63267783442583,83.90386016023307,124,13.047380413454064,77.57126396133255
tdr4jq,25.09559359067735,59.914420975965044,21,13.042788883333333,77.58058200416667
tdr4jr,79.0203932993445,87.83685360524399,847,13.048106554177371,77.57695599339452
tdr4js,86.82499219644158,99.08958485069192,1009,13.033003122721405,77.58851534017403
tdr4jt,69.89257101238164,96.1944646758922,1992,13.038159285143184,77.58985537628578
tdr4jv,12.163146394756009,12.163146394756009,1,13.0354367,77.6038867
tdr4jw,34.21671191154075,53.15003641660597,76,13.043193461821348,77.59034229089002
tdr4jx,68.83518884611382,77.85870356882738,416,13.049131959638359,77.59290958266165
tdr4jy,21.692158290847292,54.78878368536052,11,13.0441297,77.60081717333334
tdr4k0,54.33357611070648,54.33357611070648,1,13.0519537,77.5246505
tdr4k1,51.310997815003645,51.310997815003645,2,13.0591057,77.5198668
tdr4k2,47.113983976693376,57.77494537509105,66,13.05457189281579,77.534624216
tdr4k3,34.28623452294246,34.28623452294246,1,13.0577516,77.5338148
tdr4k4,35.487982520029135,35.487982520029135,4,13.068032525,77.53035679999999
tdr4k5,18.01711580480699,20.484340859431903,64,13.069510520535715,77.52989618125
tdr4k6,33.01392935178441,38.71085214857975,18,13.066034963541668,77.53208690104167
tdr4k8,52.5901310997815,69.71959213401311,116,13.054718001015038,77.54925953164286
tdr4k9,46.01845108035931,55.44428259286235,78,13.058157729592223,77.547040943614
tdr4kc,32.99344501092498,60.105608157319736,11,13.058865598214286,77.5591599017857
tdr4kd,1.2017479970866713,1.2017479970866713,1,13.0664254,77.5524418
tdr4kg,5.2667516387472695,7.073925710123817,10,13.070255408333333,77.55703694166667
tdr4kt,27.163146394756005,31.609613983976693,42,13.081497437874962,77.5483852171315
tdr4ku,4.160597232337946,7.073925710123817,12,13.076591366666667,77.55819618666668
tdr4kv,7.03386744355426,22.22323379461034,17,13.081746347000001,77.5583028385
tdr4ky,8.475965040058266,12.764020393299344,2,13.088033,77.55594049999999
tdr4m0,28.587035688273854,28.587035688273854,1,13.0522291,77.5681241
tdr4m1,29.888929351784416,29.888929351784416,1,13.0624687,77.573942
tdr4m2,30.14748725418791,68.75455207574655,20,13.054752398952383,77.57651811771429
tdr4m3,38.60930584346462,73.50691915513474,128,13.059949436112204,77.57980595910097
tdr4m4,8.568827385287692,19.24617625637291,23,13.065771174222224,77.57072753079365
tdr4m5,4.96479728089342,10.23306627822287,6,13.071746083333332,77.57129603888889
tdr4m6,36.51344103820433,73.01529497450836,62,13.06518170469697,77.58104258545455
tdr4m7,50.91561752158985,95.59359067734887,51,13.070069805714285,77.58308397142856
tdr4m8,53.10997815003642,75.71012381646031,158,13.05468218498557,77.59257666885642
tdr4m9,60.647305171158045,84.54115076474874,446,13.059737490512767,77.58982848203514
tdr4mc,44.84705025491624,44.84705025491624,2,13.0590383,77.5990417
tdr4md,75.33381888807963,88.0189366351056,599,13.064792124782569,77.59056079540527
tdr4me,79.42234158776401,94.64675892206846,4858,13.07114174459269,77.58982170600225
tdr4mf,17.516387472687544,17.516387472687544,1,13.0657444,77.6008406
tdr4mg,37.855061908230155,51.42935178441369,19,13.072492,77.6044787875
tdr4mm,3.9512017479970867,4.752367079388201,9,13.08231215,77.5814389
tdr4mr,9.431900946831755,14.712308812818645,16,13.094576577777778,77.58192112857144
tdr4ms,70.35081330420005,89.53022578295703,10,13.075646694444444,77.59087252777778
tdr4mt,58.621631463947566,58.621631463947566,1,13.0818626,77.5935348
tdr4mx,63.65167516387473,78.22286962855061,300,13.093674016063348,77.59461716662895
tdr4mz,73.77397426559845,86.74435542607429,36,13.09416176327381,77.59892803210317
tdr4n0,17.766751638747266,20.848506919155135,20,13.009412423333334,77.61327625555555
tdr4n1,24.660111677591647,27.421704297159504,6,13.016192805555557,77.61778044444445
tdr4n2,50.43927530954115,59.723233794610344,58,13.01208355451389,77.62582609583333
tdr4n3,34.000971109492596,50.127458120903135,17,13.01560497051282,77.6242349102564
tdr4n4,8.09098949120799,12.618353969410052,36,13.021939652380953,77.61211081071428
tdr4n5,7.392571012381646,7.447195921340131,5,13.027923874999999,77.6097921375
tdr4n6,18.895666423889296,25.637290604515663,20,13.021939095192307,77.62111562980769
tdr4n7,22.36548616168973,31.846321922796793,28,13.026694441145834,77.624898115625
tdr4n9,3.8705649776297997,7.356154406409322,16,13.016322348639457,77.63767123265306
tdr4nb,4.495174799708667,6.755280407865986,7,13.0106189625,77.64565895
tdr4nc,4.535688273852877,9.777858703568826,7,13.01520291,77.64489773
tdr4nd,28.587035688273854,42.09759650400582,206,13.021984959367998,77.63696801509204
tdr4ne,21.241123452294246,42.57101238164603,38,13.026369686979166,77.63239408940973
tdr4nf,7.015659140568099,27.157683903860157,54,13.021558320812535,77.6443329751577
tdr4ng,9.48652585579024,14.584850691915513,3,13.024620383798926,77.6426162336758
tdr4nj,33.49417334304442,35.196649672250544,3,13.03684775,77.6118642
tdr4nk,42.625637290604516,71.66788055353241,322,13.032797366689412,77.62471213623704
tdr4nm,43.856973780043695,68.66351056081574,133,13.037491842804684,77.62508823447807
tdr4nn,33.08188533971491,40.45884923525128,47,13.042143414674053,77.61480804213777
tdr4nq,23.71859067734887,35.296795338674436,60,13.043197089285714,77.62376143979591
tdr4nr,30.963219227967954,33.576110706482154,8,13.047642371428571,77.6288097642857
tdr4ns,12.115349599417335,21.43117261471231,22,13.032389404642856,77.63436232035714
tdr4nv,1.8936635105608157,1.8936635105608157,2,13.040014249999999,77.64126715
tdr4nx,18.54060451565914,30.644573925710123,42,13.050122700038402,77.63025825072964
tdr4nz,10.688273852876911,12.217771303714493,5,13.048769555555557,77.64529844444445
tdr4p0,6.832665695557173,13.56518572469046,33,13.010359257253096,77.65977242494479
tdr4p1,7.7749453750910416,11.944646758922069,9,13.018443067857143,77.65455262142856
tdr4p2,3.3928137897547948,6.700655498907501,3,13.011927466666668,77.66839083333333
tdr4p4,11.738665331391115,22.305171158048072,66,13.021041936688581,77.65664223337818
tdr4p5,8.603423160961398,17.279679533867444,9,13.02604385606276,77.66040014563147
tdr4p7,5.720441854819131,9.104151493080845,17,13.028652642857145,77.66367971904762
tdr4pb,92.81985918912358,99.89075018208304,1473,13.008911632186903,77.69277939277698
tdr4pd,9.599417334304443,12.363437727603788,19,13.020542115688958,77.67621914200001
tdr4pf,15.08557902403496,16.951930080116533,4,13.022465433333334,77.68924638333334
tdr4pm,3.4686817188638015,3.4686817188638015,1,13.0374375,77.6706057
tdr4q2,12.235979606700656,14.930808448652586,9,13.053663003571428,77.62126155
tdr4q3,16.61507647487254,20.502549162418063,10,13.057493869999998,77.62660916
tdr4q5,3.332119446467589,3.332119446467589,6,13.07145395,77.60754321666667
tdr4q6,39.69410050983248,39.98543335761107,10,13.065727033333333,77.62862232777778
tdr4q7,35.85442461762564,43.20830298616169,54,13.069556033765245,77.62414112568598
tdr4q8,18.256858460791452,22.714857975236708,12,13.055691341666668,77.63230563333333
tdr4q9,11.179898033503278,11.179898033503278,1,13.0614903,77.6331533
tdr4qb,14.071376547705754,32.22869628550619,21,13.055121714444445,77.64749841333334
tdr4qc,21.75892206846322,38.1646030589949,17,13.059694247857141,77.64885332749999
tdr4qd,50.45520757465404,63.00072833211945,28,13.066926217222223,77.63238141777778
tdr4qe,61.56227239621268,67.35251274581209,90,13.071077104468865,77.63503822164834
tdr4qf,31.168973051711582,45.393299344501095,33,13.064414982421052,77.64789282136842
tdr4qs,48.35518329691673,57.647487254187915,10,13.076191979999999,77.63378653555556
tdr4qt,40.850327749453754,48.233794610342315,68,13.08301060631868,77.63577003916797
tdr4qw,29.288055353241077,36.98106336489439,21,13.086984448,77.63511369466667
tdr4qx,16.524034959941734,16.524034959941734,2,13.0914404,77.6356863
tdr4r0,24.963583394027676,24.963583394027676,14,13.056565671428572,77.65174158571428
tdr4r1,30.617261471230883,36.16168973051712,67,13.060090066290321,77.65199896612903
tdr4r4,35.41514930808449,37.108521485797525,12,13.064050381249999,77.65174261875
tdr4r5,25.691915513474143,26.110706482155866,3,13.072527449999999,77.6515713
tdr4sb,1.4566642388929352,1.4566642388929352,4,13.09775805,77.56334509999999
tdr4t0,12.946103423160961,29.288055353241077,58,13.098142635299824,77.56937782818423
tdr4t2,23.443190094683175,37.18135469774217,151,13.098550620024234,77.57979247214378
tdr4t3,10.597232337946103,14.093226511289147,7,13.10482967,77.58303264
tdr4t6,13.58339402767662,13.58339402767662,1,13.1105218,77.5801105
tdr4t7,12.333090555960183,13.838310269482884,34,13.115765520000002,77.57844450711112
tdr4t8,46.220259771789266,77.27603787327021,143,13.09934299057027,77.58849221061809
tdr4t9,53.377640203933,53.377640203933,1,13.1015798,77.5863941
tdr4tb,77.57517427947144,84.68681718863802,656,13.09749993222033,77.59902539191738
tdr4tc,10.38055353241078,52.96795338674436,23,13.104723525978022,77.60148641058831
tdr4tf,4.220424513578192,12.454479242534596,27,13.10966966442486,77.60398508886827
tdr4tg,1.3504491381403252,3.3048069919883467,9,13.1143504,77.60651824
tdr4tj,18.23561544064093,18.23561544064093,1,13.126435,77.573445
tdr4tn,18.23561544064093,18.23561544064093,1,13.1341042,77.5700802
tdr4ve,55.77203204661325,55.77203204661325,11,13.160785872727272,77.59562729999999
tdr4w1,10.465222141296431,11.19810633648944,2,13.104051049999999,77.61421225000001
tdr4w5,7.8432265112891475,11.061544064093226,3,13.116384374999999,77.60758809999999
tdr4w8,11.890021849963583,11.890021849963583,1,13.1003213,77.6316592
tdr4w9,12.345229424617624,12.345229424617624,2,13.102264300000002,77.63160355
tdr4we,78.82374362709396,78.82374362709396,1,13.1144957,77.6341878
tdr4wh,28.873512988589464,42.53459577567371,171,13.120804661250663,77.6120944618598
tdr4wk,39.09984771237502,86.58048069919883,71,13.121745753696302,77.62425049685315
tdr4wp,48.83466860888565,48.83466860888565,3,13.1393646,77.61780823333334
tdr4ws,86.9709476410132,91.09613983976693,210,13.12116263406455,77.63197696082261
tdr4y0,49.26711580480699,53.878368536052434,105,13.14233335871674,77.61776841784922
tdr4y1,45.75746540422433,45.75746540422433,2,13.14531705,77.6179212
tdr4y3,57.13765477057538,59.304442825928625,8,13.1492469,77.6192509375
tdr4y4,56.13619810633649,56.13619810633649,1,13.1522221,77.6183576
tdr4y6,55.97839281378975,56.13619810633649,5,13.151521522222223,77.61964256666666
tdr4y7,46.45848506919155,48.45229424617626,19,13.161215862857144,77.62672245928572
tdr4yk,45.30225782957029,45.30225782957029,4,13.16165275,77.62656995
tdr4yu,27.71303714493809,27.71303714493809,1,13.1628009,77.6448425
tdr4yw,22.332483612527312,24.78150036416606,18,13.1753922375,77.6354797875
tdr4zx,84.68833454722021,97.1959213401311,426,13.183263393676631,77.68022757842063
tdr5n8,78.7509104151493,81.30007283321194,4,13.187795099999999,77.63953219999999
tdr5nb,96.09887108521485,98.83466860888565,12,13.1869661,77.6433847
tdr5nc,98.63665331391114,99.74508375819373,730,13.191865458083473,77.6472344985438
tdr5p5,8.985797523670794,9.68681718863802,6,13.201684449999998,77.66210336
tdr5p6,6.973780043699927,6.973780043699927,1,13.19835,77.6705883
tdr5p8,84.59991392438589,95.93954843408594,3276,13.18568205915625,77.68097228036795
tdr5p9,59.438729060451564,98.98033503277495,268,13.191717086817025,77.68006740082586
tdr5pb,44.34242014358547,50.600873998543335,199,13.184166038617377,77.68928214273129
tdr5pd,2.2657957028404954,4.479242534595776,31,13.197032027579365,77.68051310853176
tdr5pe,3.500546249089585,6.272760378732702,14,13.202228566666667,77.67840002777778
tdr5pf,1.0196649672250546,1.3292061179898034,9,13.196880142857141,77.69000842142857
tdr5rb,42.89876183539694,42.89876183539694,2,13.2302231,77.6933171
tdr5sk,95.17479970866715,95.17479970866715,1,13.293684372967755,77.53250753446538
tdr600,84.92807720320467,99.83612527312454,1926,13.010475434334678,77.69907550599841
tdr601,15.143238650157805,21.1034231609614,19,13.017430600462964,77.70471554444445
tdr602,22.560087399854332,22.560087399854332,1,13.0102517,77.7064717
tdr603,20.944100509832484,23.99854333576111,18,13.01710994375,77.7087611775
tdr604,19.118718135469774,24.872541879096868,14,13.0215415925,77.7005600075
tdr606,19.750546249089584,25.96504005826657,42,13.021338654314286,77.71210438115715
tdr60d,19.901675163874728,19.901675163874728,1,13.023399,77.7175331
tdr60e,22.28923889293518,26.70247632920612,44,13.025791793902439,77.71949706280488
tdr60k,24.635833940276765,24.635833940276765,1,13.0305764,77.7169953
tdr60u,44.21734644331148,48.61616897305171,33,13.034371694371345,77.73329831535086
tdr60v,52.03932993445011,57.62927895120175,51,13.036076797222222,77.7361665096591
tdr612,29.08321194464676,34.8871085214858,40,13.01050852724138,77.75963975517242
tdr613,2.5127458120903134,2.5127458120903134,13,13.014146238461537,77.76102565384616
tdr617,21.631463947560086,21.631463947560086,1,13.0282733,77.7507203
tdr619,13.503277494537508,18.372177713037143,27,13.016218206666668,77.76193752266667
tdr61d,7.629278951201749,7.629278951201749,11,13.02059859090909,77.76218468181818
tdr61n,76.31099781500365,78.33211944646759,54,13.044977894230769,77.74934364519231
tdr61p,67.84413692643845,67.84413692643845,3,13.0467996,77.75006186666667
tdr61q,80.14839766933721,80.82665695557174,103,13.045130808333333,77.75550600980392
tdr61r,79.86161689730518,79.86161689730518,10,13.04664051,77.75056031
tdr61x,66.47851420247632,66.47851420247632,2,13.0516142,77.7617289
tdr62f,60.9340859431901,60.9340859431901,1,13.063394,77.7361362
tdr630,74.96813546977421,78.73270211216314,2,13.05539405,77.745439
tdr631,70.62090313182811,72.46904588492352,4,13.06128485,77.74241328333333
tdr638,51.33700967641244,63.51056081573198,93,13.05448745994056,77.76340854518331
tdr6bp,39.912600145666424,39.912600145666424,5,13.1820686,77.6958299
tdr6by,3.4322651128914785,3.4322651128914785,1,13.174255,77.7282783
tdr701,1.345897062393785,3.3048069919883467,13,13.194296790000001,77.69952239999999
tdr704,1.9907744598203447,6.336489439184268,38,13.197612779914529,77.70311447462608
tdr706,2.239621267297888,4.424617625637291,21,13.197215175925926,77.70915879953704
tdr724,37.81864530225783,37.81864530225783,2,13.2421686,77.70413555
tdr726,36.610827870842435,41.023306627822286,3,13.242648833333334,77.71098666666667
tdr727,34.40762320951687,42.95338674435543,99,13.245983338735613,77.71420599173746
tdr72k,44.04588492352512,44.04588492352512,3,13.250599,77.7072458
tdr72m,36.12527312454479,36.12527312454479,4,13.257282400000001,77.71231025
tdr72t,29.09686817188638,33.02986161689731,4,13.257899066666667,77.71748096666667
tdr72w,27.603787327021124,27.603787327021124,1,13.2645843,77.7187993
tdr72x,30.080116533139112,30.080116533139112,1,13.266818,77.7192361
